,url,wishlist_count
0,https://ak1.ostkcdn.com/images/products/9412909/L16600539.jpg?imwidth=480&impolicy=medium,7.8K
1,https://ak1.ostkcdn.com/images/products/13218518/L19936654.jpg?imwidth=480&impolicy=medium,3.4K
2,https://ak1.ostkcdn.com/images/products/8816874/L16050950.jpg?imwidth=480&impolicy=medium,687
3,https://ak1.ostkcdn.com/images/products/8817153/L16051170.jpg?imwidth=480&impolicy=medium,774
4,https://ak1.ostkcdn.com/images/products/10694023/L17755976.jpg?imwidth=480&impolicy=medium,2.7K
5,https://ak1.ostkcdn.com/images/products/11381991/L18350445.jpg?imwidth=480&impolicy=medium,1.4K
6,https://ak1.ostkcdn.com/images/products/6624571/L14191181.jpg?imwidth=480&impolicy=medium,1K
7,https://ak1.ostkcdn.com/images/products/25776704/L31070776.jpg?imwidth=480&impolicy=medium,96
8,https://ak1.ostkcdn.com/images/products/9937110/L17092429.jpg?imwidth=480&impolicy=medium,173
9,https://ak1.ostkcdn.com/images/products/12038041/L18909705.jpg?imwidth=480&impolicy=medium,3K
10,https://ak1.ostkcdn.com/images/products/10438315/L17535380.jpg?imwidth=480&impolicy=medium,1.3K
11,https://ak1.ostkcdn.com/images/products/8595240/L15865931.jpg?imwidth=480&impolicy=medium,1.1K
12,https://ak1.ostkcdn.com/images/products/10356598/L17464870.jpg?imwidth=480&impolicy=medium,875
13,https://ak1.ostkcdn.com/images/products/16760811/L23070236.jpg?imwidth=480&impolicy=medium,2.3K
14,https://ak1.ostkcdn.com/images/products/16107112/L22489208.jpg?imwidth=480&impolicy=medium,552
15,https://ak1.ostkcdn.com/images/products/8557470/L15834599.jpg?imwidth=480&impolicy=medium,891
16,https://ak1.ostkcdn.com/images/products/22828402/L28411808.jpg?imwidth=480&impolicy=medium,61
17,https://ak1.ostkcdn.com/images/products/9943661/L17098494.jpg?imwidth=480&impolicy=medium,306
18,https://ak1.ostkcdn.com/images/products/13784686/L20436120.jpg?imwidth=480&impolicy=medium,249
19,https://ak1.ostkcdn.com/images/products/19879905/L25806930.jpg?imwidth=480&impolicy=medium,55
20,https://ak1.ostkcdn.com/images/products/9511863/L16690708.jpg?imwidth=480&impolicy=medium,117
21,https://ak1.ostkcdn.com/images/products/8584394/L15856990.jpg?imwidth=480&impolicy=medium,733
22,https://ak1.ostkcdn.com/images/products/21028811/L26817827.jpg?imwidth=480&impolicy=medium,45
23,https://ak1.ostkcdn.com/images/products/21529679/L27259835.jpg?imwidth=480&impolicy=medium,157
24,https://ak1.ostkcdn.com/images/products/17909469/L24092090.jpg?imwidth=480&impolicy=medium,126
25,https://ak1.ostkcdn.com/images/products/26394979/L31673186.jpg?imwidth=480&impolicy=medium,51
26,https://ak1.ostkcdn.com/images/products/5779365/L13504103.jpg?imwidth=480&impolicy=medium,1.1K
27,https://ak1.ostkcdn.com/images/products/26974135/L32194948.jpg?imwidth=480&impolicy=medium,43
28,https://ak1.ostkcdn.com/images/products/22537993/L28157990.jpg?imwidth=480&impolicy=medium,75
29,https://ak1.ostkcdn.com/images/products/8306086/L15622547.jpg?imwidth=480&impolicy=medium,283
30,https://ak1.ostkcdn.com/images/products/6624539/L14191183.jpg?imwidth=480&impolicy=medium,2.5K
31,https://ak1.ostkcdn.com/images/products/22538234/L28158221.jpg?imwidth=480&impolicy=medium,41
32,https://ak1.ostkcdn.com/images/products/20010513/L25921933.jpg?imwidth=480&impolicy=medium,360
33,https://ak1.ostkcdn.com/images/products/6085350/L13755806.jpg?imwidth=480&impolicy=medium,463
34,https://ak1.ostkcdn.com/images/products/8557450/L15834575.jpg?imwidth=480&impolicy=medium,554
35,https://ak1.ostkcdn.com/images/products/6624574/L14191182.jpg?imwidth=480&impolicy=medium,1.6K
36,https://ak1.ostkcdn.com/images/products/22841498/L28422869.jpg?imwidth=480&impolicy=medium,37
37,https://ak1.ostkcdn.com/images/products/17615556/L23831723.jpg?imwidth=480&impolicy=medium,577
38,https://ak1.ostkcdn.com/images/products/8698422/L15950060.jpg?imwidth=480&impolicy=medium,182
39,https://ak1.ostkcdn.com/images/products/15077003/L21567071.jpg?imwidth=480&impolicy=medium,141
40,https://ak1.ostkcdn.com/images/products/14986859/L21487742.jpg?imwidth=480&impolicy=medium,594
41,https://ak1.ostkcdn.com/images/products/10071922/L17215880.jpg?imwidth=480&impolicy=medium,580
42,https://ak1.ostkcdn.com/images/products/5643393/L13396315.jpg?imwidth=480&impolicy=medium,757
43,https://ak1.ostkcdn.com/images/products/12273665/L19112598.jpg?imwidth=480&impolicy=medium,456
44,https://ak1.ostkcdn.com/images/products/20301061/L26178831.jpg?imwidth=480&impolicy=medium,74
45,https://ak1.ostkcdn.com/images/products/20248183/L26132546.jpg?imwidth=480&impolicy=medium,81
46,https://ak1.ostkcdn.com/images/products/20010518/L25921936.jpg?imwidth=480&impolicy=medium,500
47,https://ak1.ostkcdn.com/images/products/25581352/L30895225.jpg?imwidth=480&impolicy=medium,51
48,https://ak1.ostkcdn.com/images/products/5643375/L13396308.jpg?imwidth=480&impolicy=medium,428
49,https://ak1.ostkcdn.com/images/products/12731301/L19510036.jpg?imwidth=480&impolicy=medium,617
50,https://ak1.ostkcdn.com/images/products/10356558/L17464852.jpg?imwidth=480&impolicy=medium,427
51,https://ak1.ostkcdn.com/images/products/10508468/L17588061.jpg?imwidth=480&impolicy=medium,1K
52,https://ak1.ostkcdn.com/images/products/12038006/L18909707.jpg?imwidth=480&impolicy=medium,1.7K
53,https://ak1.ostkcdn.com/images/products/22719644/L28318229.jpg?imwidth=480&impolicy=medium,172
54,https://ak1.ostkcdn.com/images/products/11673523/L18601528.jpg?imwidth=480&impolicy=medium,1.2K
55,https://ak1.ostkcdn.com/images/products/22670958/L28275813.jpg?imwidth=480&impolicy=medium,254
56,https://ak1.ostkcdn.com/images/products/2442825/L10672044.jpg?imwidth=480&impolicy=medium,479
57,https://ak1.ostkcdn.com/images/products/13578961/L20254177.jpg?imwidth=480&impolicy=medium,1.5K
58,https://ak1.ostkcdn.com/images/products/13573358/L20247994.jpg?imwidth=480&impolicy=medium,237
59,https://ak1.ostkcdn.com/images/products/8698434/L15950059.jpg?imwidth=480&impolicy=medium,203
0,https://ak1.ostkcdn.com/images/products/8569286/L15844344.jpg?imwidth=480&impolicy=medium,209
1,https://ak1.ostkcdn.com/images/products/7910563/L15289322.jpg?imwidth=480&impolicy=medium,94
2,https://ak1.ostkcdn.com/images/products/7896234/L15276938.jpg?imwidth=480&impolicy=medium,338
3,https://ak1.ostkcdn.com/images/products/25603796/L30915172.jpg?imwidth=480&impolicy=medium,41
4,https://ak1.ostkcdn.com/images/products/20873125/L26681522.jpg?imwidth=480&impolicy=medium,29
5,https://ak1.ostkcdn.com/images/products/16600336/L22928700.jpg?imwidth=480&impolicy=medium,15
6,https://ak1.ostkcdn.com/images/products/12778658/L19552162.jpg?imwidth=480&impolicy=medium,355
7,https://ak1.ostkcdn.com/images/products/9940157/L17095185.jpg?imwidth=480&impolicy=medium,373
8,https://ak1.ostkcdn.com/images/products/12858776/L19621039.jpg?imwidth=480&impolicy=medium,75
9,https://ak1.ostkcdn.com/images/products/22538235/L28158222.jpg?imwidth=480&impolicy=medium,25
10,https://ak1.ostkcdn.com/images/products/7942863/7942863/Avanti-Pecan-Kidney-Decorative-Pillow-L15317278.jpg?imwidth=480&impolicy=medium,96
11,https://ak1.ostkcdn.com/images/products/9551275/L16732083.jpg?imwidth=480&impolicy=medium,427
12,https://ak1.ostkcdn.com/images/products/21492889/L27227030.jpg?imwidth=480&impolicy=medium,23
13,https://ak1.ostkcdn.com/images/products/22840525/L28422179.jpg?imwidth=480&impolicy=medium,11
14,https://ak1.ostkcdn.com/images/products/11682722/L18609560.jpg?imwidth=480&impolicy=medium,49
15,https://ak1.ostkcdn.com/images/products/5643403/L13396316.jpg?imwidth=480&impolicy=medium,730
16,https://ak1.ostkcdn.com/images/products/8816881/L16050951.jpg?imwidth=480&impolicy=medium,310
17,https://ak1.ostkcdn.com/images/products/10737233/L17793393.jpg?imwidth=480&impolicy=medium,588
18,https://ak1.ostkcdn.com/images/products/22828396/L28411802.jpg?imwidth=480&impolicy=medium,276
19,https://ak1.ostkcdn.com/images/products/22536524/L28156757.jpg?imwidth=480&impolicy=medium,298
20,https://ak1.ostkcdn.com/images/products/11682695/L18609536.jpg?imwidth=480&impolicy=medium,353
21,https://ak1.ostkcdn.com/images/products/20881980/L19863713.jpg?imwidth=480&impolicy=medium,17
22,https://ak1.ostkcdn.com/images/products/21490168/L15834572.jpg?imwidth=480&impolicy=medium,5
23,https://ak1.ostkcdn.com/images/products/12408711/L19228205.jpg?imwidth=480&impolicy=medium,104
24,https://ak1.ostkcdn.com/images/products/19886908/L25812534.jpg?imwidth=480&impolicy=medium,228
25,https://ak1.ostkcdn.com/images/products/5178483/Duponi-Silk-Feather-Filled-Square-Decorative-Pillows-Set-of-2-L13015312.jpg?imwidth=480&impolicy=medium,354
26,https://ak1.ostkcdn.com/images/products/7910561/L15289320.jpg?imwidth=480&impolicy=medium,272
27,https://ak1.ostkcdn.com/images/products/20010459/L25921932.jpg?imwidth=480&impolicy=medium,121
28,https://ak1.ostkcdn.com/images/products/7751228/L15149537.jpg?imwidth=480&impolicy=medium,982
29,https://ak1.ostkcdn.com/images/products/7751388/L15149533.jpg?imwidth=480&impolicy=medium,158
30,https://ak1.ostkcdn.com/images/products/12731695/L19510042.jpg?imwidth=480&impolicy=medium,38
31,https://ak1.ostkcdn.com/images/products/8595275/L15865947.jpg?imwidth=480&impolicy=medium,396
32,https://ak1.ostkcdn.com/images/products/26980915/L32200633.jpg?imwidth=480&impolicy=medium,609
33,https://ak1.ostkcdn.com/images/products/8869835/L16095530.jpg?imwidth=480&impolicy=medium,159
34,https://ak1.ostkcdn.com/images/products/23463117/L28978276.jpg?imwidth=480&impolicy=medium,45
35,https://ak1.ostkcdn.com/images/products/8595253/L15865932.jpg?imwidth=480&impolicy=medium,176
36,https://ak1.ostkcdn.com/images/products/6624570/L14191184.jpg?imwidth=480&impolicy=medium,387
37,https://ak1.ostkcdn.com/images/products/20525170/L26377325.jpg?imwidth=480&impolicy=medium,101
38,https://ak1.ostkcdn.com/images/products/12778679/L19552161.jpg?imwidth=480&impolicy=medium,2
39,https://ak1.ostkcdn.com/images/products/9549781/L16730565.jpg?imwidth=480&impolicy=medium,449
40,https://ak1.ostkcdn.com/images/products/10438327/L17535405.jpg?imwidth=480&impolicy=medium,12
41,https://ak1.ostkcdn.com/images/products/11664305/L18593806.jpg?imwidth=480&impolicy=medium,73
0,https://ak1.ostkcdn.com/images/products/27168145/L32368992.jpg?imwidth=480&impolicy=medium,8
1,https://ak1.ostkcdn.com/images/products/10995885/L18015790.jpg?imwidth=480&impolicy=medium,215
2,https://ak1.ostkcdn.com/images/products/24158934/L29605801.jpg?imwidth=480&impolicy=medium,16
3,https://ak1.ostkcdn.com/images/products/11977418/L18859490.jpg?imwidth=480&impolicy=medium,160
4,https://ak1.ostkcdn.com/images/products/8869837/L16095532.jpg?imwidth=480&impolicy=medium,132
5,https://ak1.ostkcdn.com/images/products/20878657/L26686459.jpg?imwidth=480&impolicy=medium,7
6,https://ak1.ostkcdn.com/images/products/12858609/L19621038.jpg?imwidth=480&impolicy=medium,41
7,https://ak1.ostkcdn.com/images/products/7647088/7647088/Orange-Shagadelic-Chenille-18-inch-Double-Sided-Decorative-Pillow-L15063458.jpeg?imwidth=480&impolicy=medium,113
8,https://ak1.ostkcdn.com/images/products/15910412/L22314264.jpg?imwidth=480&impolicy=medium,8
9,https://ak1.ostkcdn.com/images/products/15909411/L22314242.jpg?imwidth=480&impolicy=medium,73
10,https://ak1.ostkcdn.com/images/products/16566903/L22898717.jpg?imwidth=480&impolicy=medium,23
11,https://ak1.ostkcdn.com/images/products/6520093/L14106228.jpg?imwidth=480&impolicy=medium,409
12,https://ak1.ostkcdn.com/images/products/8774883/L16015119.jpg?imwidth=480&impolicy=medium,772
13,https://ak1.ostkcdn.com/images/products/7595122/L15020153.jpg?imwidth=480&impolicy=medium,1.1K
14,https://ak1.ostkcdn.com/images/products/22824605/L28408621.jpg?imwidth=480&impolicy=medium,32
15,https://ak1.ostkcdn.com/images/products/20010570/L25921980.jpg?imwidth=480&impolicy=medium,475
16,https://ak1.ostkcdn.com/images/products/11367785/L18338135.jpg?imwidth=480&impolicy=medium,1.1K
17,https://ak1.ostkcdn.com/images/products/12531680/L19335634.jpg?imwidth=480&impolicy=medium,794
18,https://ak1.ostkcdn.com/images/products/8760913/L16003509.jpg?imwidth=480&impolicy=medium,157
19,https://ak1.ostkcdn.com/images/products/19990825/L25905273.jpg?imwidth=480&impolicy=medium,53
20,https://ak1.ostkcdn.com/images/products/20830971/L15257094.jpg?imwidth=480&impolicy=medium,65
21,https://ak1.ostkcdn.com/images/products/16050958/L22439288.jpg?imwidth=480&impolicy=medium,204
22,https://ak1.ostkcdn.com/images/products/18073107/L24234469.jpg?imwidth=480&impolicy=medium,48
23,https://ak1.ostkcdn.com/images/products/10359961/L17467881.jpg?imwidth=480&impolicy=medium,111
24,https://ak1.ostkcdn.com/images/products/20010519/L25921937.jpg?imwidth=480&impolicy=medium,27
25,https://ak1.ostkcdn.com/images/products/12546052/L19348265.jpg?imwidth=480&impolicy=medium,62
26,https://ak1.ostkcdn.com/images/products/8874844/L16099492.jpg?imwidth=480&impolicy=medium,1.1K
0,https://ak1.ostkcdn.com/images/products/10085881/L17228706.jpg?imwidth=480&impolicy=medium,219
1,https://ak1.ostkcdn.com/images/products/16069766/L22456063.jpg?imwidth=480&impolicy=medium,308
2,https://ak1.ostkcdn.com/images/products/14987426/L21488388.jpg?imwidth=480&impolicy=medium,115
3,https://ak1.ostkcdn.com/images/products/12391386/L19212944.jpg?imwidth=480&impolicy=medium,819
4,https://ak1.ostkcdn.com/images/products/22671019/L28275923.jpg?imwidth=480&impolicy=medium,48
5,https://ak1.ostkcdn.com/images/products/12114876/L18975540.jpg?imwidth=480&impolicy=medium,98
6,https://ak1.ostkcdn.com/images/products/9943683/L17098659.jpg?imwidth=480&impolicy=medium,116
7,https://ak1.ostkcdn.com/images/products/27703547/L32847728.jpg?imwidth=480&impolicy=medium,2
8,https://ak1.ostkcdn.com/images/products/11664303/L18593804.jpg?imwidth=480&impolicy=medium,58
9,https://ak1.ostkcdn.com/images/products/8557405/L15834534.jpg?imwidth=480&impolicy=medium,121
10,https://ak1.ostkcdn.com/images/products/16107113/L22489209.jpg?imwidth=480&impolicy=medium,316
11,https://ak1.ostkcdn.com/images/products/12545723/L19348087.jpg?imwidth=480&impolicy=medium,97
12,https://ak1.ostkcdn.com/images/products/12545892/L19348263.jpg?imwidth=480&impolicy=medium,93
13,https://ak1.ostkcdn.com/images/products/17904352/L17105495.jpg?imwidth=480&impolicy=medium,764
14,https://ak1.ostkcdn.com/images/products/18080469/L24241119.jpg?imwidth=480&impolicy=medium,27
15,https://ak1.ostkcdn.com/images/products/26456911/L31727528.jpg?imwidth=480&impolicy=medium,3
16,https://ak1.ostkcdn.com/images/products/10356535/L17464842.jpg?imwidth=480&impolicy=medium,416
17,https://ak1.ostkcdn.com/images/products/26889569/L32118775.jpg?imwidth=480&impolicy=medium,25
18,https://ak1.ostkcdn.com/images/products/20585467/L26429895.jpg?imwidth=480&impolicy=medium,107
19,https://ak1.ostkcdn.com/images/products/11673555/L18601540.jpg?imwidth=480&impolicy=medium,49
20,https://ak1.ostkcdn.com/images/products/12038050/L18909714.jpg?imwidth=480&impolicy=medium,99
21,https://ak1.ostkcdn.com/images/products/12032483/L18905109.jpg?imwidth=480&impolicy=medium,26
22,https://ak1.ostkcdn.com/images/products/13218861/L19936985.jpg?imwidth=480&impolicy=medium,44
23,https://ak1.ostkcdn.com/images/products/10995664/L18015637.jpg?imwidth=480&impolicy=medium,402
24,https://ak1.ostkcdn.com/images/products/13807347/L20456120.jpg?imwidth=480&impolicy=medium,458
25,https://ak1.ostkcdn.com/images/products/9951197/L17105501.jpg?imwidth=480&impolicy=medium,90
26,https://ak1.ostkcdn.com/images/products/19618194/L25573833.jpg?imwidth=480&impolicy=medium,136
27,https://ak1.ostkcdn.com/images/products/12648999/L19438253.jpg?imwidth=480&impolicy=medium,68
28,https://ak1.ostkcdn.com/images/products/19575585/L25560256.jpg?imwidth=480&impolicy=medium,224
29,https://ak1.ostkcdn.com/images/products/16900250/L23193726.jpg?imwidth=480&impolicy=medium,49
30,https://ak1.ostkcdn.com/images/products/10122889/L17261103.jpg?imwidth=480&impolicy=medium,17
31,https://ak1.ostkcdn.com/images/products/12731555/L19510041.jpg?imwidth=480&impolicy=medium,73
32,https://ak1.ostkcdn.com/images/products/12273667/L19112599.jpg?imwidth=480&impolicy=medium,44
33,https://ak1.ostkcdn.com/images/products/27550514/L32711754.jpg?imwidth=480&impolicy=medium,786
34,https://ak1.ostkcdn.com/images/products/16600522/L22928802.jpg?imwidth=480&impolicy=medium,51
35,https://ak1.ostkcdn.com/images/products/8597202/L15867509.jpg?imwidth=480&impolicy=medium,26
36,https://ak1.ostkcdn.com/images/products/19972895/L19081077.jpg?imwidth=480&impolicy=medium,90
37,https://ak1.ostkcdn.com/images/products/9739201/L16913757.jpg?imwidth=480&impolicy=medium,105
38,https://ak1.ostkcdn.com/images/products/9263926/L16425596.jpg?imwidth=480&impolicy=medium,22
39,https://ak1.ostkcdn.com/images/products/22426987/L28058835.jpg?imwidth=480&impolicy=medium,6
40,https://ak1.ostkcdn.com/images/products/14366877/L20941367.jpg?imwidth=480&impolicy=medium,20
41,https://ak1.ostkcdn.com/images/products/10396404/L17499181.jpg?imwidth=480&impolicy=medium,183
0,https://ak1.ostkcdn.com/images/products/26456909/L31727526.jpg?imwidth=480&impolicy=medium,12
1,https://ak1.ostkcdn.com/images/products/20536691/L26386498.jpg?imwidth=480&impolicy=medium,3
2,https://ak1.ostkcdn.com/images/products/19879906/L25806933.jpg?imwidth=480&impolicy=medium,7
3,https://ak1.ostkcdn.com/images/products/27568082/L32727339.jpg?imwidth=480&impolicy=medium,2
4,https://ak1.ostkcdn.com/images/products/25580889/L30894827.jpg?imwidth=480&impolicy=medium,55
5,https://ak1.ostkcdn.com/images/products/12238006/L19081076.jpg?imwidth=480&impolicy=medium,65
6,https://ak1.ostkcdn.com/images/products/9937578/L17092823.jpg?imwidth=480&impolicy=medium,4
7,https://ak1.ostkcdn.com/images/products/22639102/L28247653.jpg?imwidth=480&impolicy=medium,2
8,https://ak1.ostkcdn.com/images/products/27801711/L32936229.jpg?imwidth=480&impolicy=medium,10
9,https://ak1.ostkcdn.com/images/products/19972533/L25889666.jpg?imwidth=480&impolicy=medium,96
10,https://ak1.ostkcdn.com/images/products/10433502/L17531150.jpg?imwidth=480&impolicy=medium,39
11,https://ak1.ostkcdn.com/images/products/7529628/7529628/Castlegar-Down-or-Poly-Filled-Throw-Pillow-L14966218.jpeg?imwidth=480&impolicy=medium,5
12,https://ak1.ostkcdn.com/images/products/22798105/L28386636.jpg?imwidth=480&impolicy=medium,7
13,https://ak1.ostkcdn.com/images/products/20651783/L26487946.jpg?imwidth=480&impolicy=medium,3
14,https://ak1.ostkcdn.com/images/products/26456910/L31727527.jpg?imwidth=480&impolicy=medium,3
15,https://ak1.ostkcdn.com/images/products/20545559/L26394656.jpg?imwidth=480&impolicy=medium,22
16,https://ak1.ostkcdn.com/images/products/25325054/L30664316.jpg?imwidth=480&impolicy=medium,3
17,https://ak1.ostkcdn.com/images/products/11682758/L18609594.jpg?imwidth=480&impolicy=medium,14
18,https://ak1.ostkcdn.com/images/products/20878643/L26686455.jpg?imwidth=480&impolicy=medium,6
19,https://ak1.ostkcdn.com/images/products/19891297/L17445609.jpg?imwidth=480&impolicy=medium,1
20,https://ak1.ostkcdn.com/images/products/28179614/L33271919.jpg?imwidth=480&impolicy=medium,1K
21,https://ak1.ostkcdn.com/images/products/15370402/L21830683.jpg?imwidth=480&impolicy=medium,16
22,https://ak1.ostkcdn.com/images/products/23056274/L28612996.jpg?imwidth=480&impolicy=medium,11
23,https://ak1.ostkcdn.com/images/products/22638937/L28247561.jpg?imwidth=480&impolicy=medium,13
24,https://ak1.ostkcdn.com/images/products/20301062/L26178832.jpg?imwidth=480&impolicy=medium,3
25,https://ak1.ostkcdn.com/images/products/22638896/L28247526.jpg?imwidth=480&impolicy=medium,20
26,https://ak1.ostkcdn.com/images/products/22638933/L28247538.jpg?imwidth=480&impolicy=medium,695
27,https://ak1.ostkcdn.com/images/products/25672233/L30976492.jpg?imwidth=480&impolicy=medium,10
28,https://ak1.ostkcdn.com/images/products/8771441/L16012253.jpg?imwidth=480&impolicy=medium,236
29,https://ak1.ostkcdn.com/images/products/27993642/L33107598.jpg?imwidth=480&impolicy=medium,288
30,https://ak1.ostkcdn.com/images/products/17373361/L23614386.jpg?imwidth=480&impolicy=medium,196
31,https://ak1.ostkcdn.com/images/products/19972890/L18986986.jpg?imwidth=480&impolicy=medium,13
32,https://ak1.ostkcdn.com/images/products/13218873/L19936986.jpg?imwidth=480&impolicy=medium,189
0,https://ak1.ostkcdn.com/images/products/12512739/L19319381.jpg?imwidth=480&impolicy=medium,312
1,https://ak1.ostkcdn.com/images/products/10356555/L17464851.jpg?imwidth=480&impolicy=medium,225
2,https://ak1.ostkcdn.com/images/products/11592735/L18532299.jpg?imwidth=480&impolicy=medium,136
3,https://ak1.ostkcdn.com/images/products/17856715/L24044424.jpg?imwidth=480&impolicy=medium,160
4,https://ak1.ostkcdn.com/images/products/22997961/L28561657.jpg?imwidth=480&impolicy=medium,14
5,https://ak1.ostkcdn.com/images/products/7910564/L15289323.jpg?imwidth=480&impolicy=medium,193
6,https://ak1.ostkcdn.com/images/products/11421231/L18383894.jpg?imwidth=480&impolicy=medium,36
7,https://ak1.ostkcdn.com/images/products/6520092/L14106227.jpg?imwidth=480&impolicy=medium,557
8,https://ak1.ostkcdn.com/images/products/8595250/L15865930.jpg?imwidth=480&impolicy=medium,176
9,https://ak1.ostkcdn.com/images/products/10639527/L17707450.jpg?imwidth=480&impolicy=medium,250
10,https://ak1.ostkcdn.com/images/products/is/images/direct/0f90b7e1eecef3204896628479be1ede915a62bb/Glam-Solid-Pink-Velvet-Textured-Decorative-Handmade-Throw-Pillow-Cover.jpg?imwidth=480&impolicy=medium,37
11,https://ak1.ostkcdn.com/images/products/is/images/direct/df836ad605724e9d9ed0d32df56a01459199173a/Vintage-Velvet-Embroidered-Solid-Decorative-Handmade-Throw-Pillow-Cover.jpg?imwidth=480&impolicy=medium,15
12,https://ak1.ostkcdn.com/images/products/23049885/L28607458.jpg?imwidth=480&impolicy=medium,7
13,https://ak1.ostkcdn.com/images/products/14691260/L21223921.jpg?imwidth=480&impolicy=medium,52
14,https://ak1.ostkcdn.com/images/products/11468665/L18425131.jpg?imwidth=480&impolicy=medium,38
15,https://ak1.ostkcdn.com/images/products/12408678/L19228189.jpg?imwidth=480&impolicy=medium,60
16,https://ak1.ostkcdn.com/images/products/22277185/L27926806.jpg?imwidth=480&impolicy=medium,4
17,https://ak1.ostkcdn.com/images/products/11158580/L18154704.jpg?imwidth=480&impolicy=medium,194
18,https://ak1.ostkcdn.com/images/products/23589616/L29090438.jpg?imwidth=480&impolicy=medium,208
19,https://ak1.ostkcdn.com/images/products/16069732/L22456039.jpg?imwidth=480&impolicy=medium,9
20,https://ak1.ostkcdn.com/images/products/13090673/L19823613.jpg?imwidth=480&impolicy=medium,9
21,https://ak1.ostkcdn.com/images/products/8843387/14-or-18-inch-Hand-Beaded-Decorative-Throw-Pillow-Set-of-2-L16073234.jpg?imwidth=480&impolicy=medium,12
22,https://ak1.ostkcdn.com/images/products/8595264/L15865946.jpg?imwidth=480&impolicy=medium,71
23,https://ak1.ostkcdn.com/images/products/19990824/L25905272.jpg?imwidth=480&impolicy=medium,186
24,https://ak1.ostkcdn.com/images/products/22828385/L28411797.jpg?imwidth=480&impolicy=medium,65
25,https://ak1.ostkcdn.com/images/products/21492930/L27227031.jpg?imwidth=480&impolicy=medium,38
26,https://ak1.ostkcdn.com/images/products/20545597/L26394658.jpg?imwidth=480&impolicy=medium,18
27,https://ak1.ostkcdn.com/images/products/17569996/L23790734.jpg?imwidth=480&impolicy=medium,10
28,https://ak1.ostkcdn.com/images/products/22611002/L28222584.jpg?imwidth=480&impolicy=medium,9
29,https://ak1.ostkcdn.com/images/products/16005124/L22398270.jpg?imwidth=480&impolicy=medium,11
30,https://ak1.ostkcdn.com/images/products/9776708/L16946713.jpg?imwidth=480&impolicy=medium,53
31,https://ak1.ostkcdn.com/images/products/5779596/L13504278.jpg?imwidth=480&impolicy=medium,9
32,https://ak1.ostkcdn.com/images/products/23586130/L29087263.jpg?imwidth=480&impolicy=medium,30
33,https://ak1.ostkcdn.com/images/products/16430557/L22776406.jpg?imwidth=480&impolicy=medium,70
34,https://ak1.ostkcdn.com/images/products/13291373/L20001215.jpg?imwidth=480&impolicy=medium,246
35,https://ak1.ostkcdn.com/images/products/22824596/L28408619.jpg?imwidth=480&impolicy=medium,7
36,https://ak1.ostkcdn.com/images/products/15970139/L22367247.jpg?imwidth=480&impolicy=medium,41
37,https://ak1.ostkcdn.com/images/products/19458796/L25458990.jpg?imwidth=480&impolicy=medium,35
38,https://ak1.ostkcdn.com/images/products/19859563/L25788837.jpg?imwidth=480&impolicy=medium,6
39,https://ak1.ostkcdn.com/images/products/19879904/L25806932.jpg?imwidth=480&impolicy=medium,40
40,https://ak1.ostkcdn.com/images/products/8973431/L16181493.jpg?imwidth=480&impolicy=medium,14
41,https://ak1.ostkcdn.com/images/products/12037238/L18908983.jpg?imwidth=480&impolicy=medium,24
42,https://ak1.ostkcdn.com/images/products/15960044/L22358294.jpg?imwidth=480&impolicy=medium,54
43,https://ak1.ostkcdn.com/images/products/21613495/L27334112.jpg?imwidth=480&impolicy=medium,118
44,https://ak1.ostkcdn.com/images/products/15054203/L21547187.jpg?imwidth=480&impolicy=medium,24
45,https://ak1.ostkcdn.com/images/products/11483994/L18438345.jpg?imwidth=480&impolicy=medium,27
46,https://ak1.ostkcdn.com/images/products/26951886/L32175064.jpg?imwidth=480&impolicy=medium,8
47,https://ak1.ostkcdn.com/images/products/12038007/L18909708.jpg?imwidth=480&impolicy=medium,3
48,https://ak1.ostkcdn.com/images/products/22611702/L28223216.jpg?imwidth=480&impolicy=medium,9
49,https://ak1.ostkcdn.com/images/products/11483999/L18438344.jpg?imwidth=480&impolicy=medium,3
50,https://ak1.ostkcdn.com/images/products/8698433/L15950058.jpg?imwidth=480&impolicy=medium,75
0,https://ak1.ostkcdn.com/images/products/10594945/L17668452.jpg?imwidth=480&impolicy=medium,70
1,https://ak1.ostkcdn.com/images/products/22718982/L28317644.jpg?imwidth=480&impolicy=medium,4
2,https://ak1.ostkcdn.com/images/products/20444593/L26306273.jpg?imwidth=480&impolicy=medium,17
3,https://ak1.ostkcdn.com/images/products/27664862/L32813230.jpg?imwidth=480&impolicy=medium,10
4,https://ak1.ostkcdn.com/images/products/21867165/L27560181.jpg?imwidth=480&impolicy=medium,8
5,https://ak1.ostkcdn.com/images/products/21517275/L27248872.jpg?imwidth=480&impolicy=medium,19
6,https://ak1.ostkcdn.com/images/products/19998658/L25911984.jpg?imwidth=480&impolicy=medium,9
7,https://ak1.ostkcdn.com/images/products/7725912/7725912/Red-Shagadelic-Chenille-18-inch-Double-Side-Pillow-L15127942.jpg?imwidth=480&impolicy=medium,65
8,https://ak1.ostkcdn.com/images/products/10137750/L17274962.jpg?imwidth=480&impolicy=medium,17
9,https://ak1.ostkcdn.com/images/products/20758376/L26579326.jpg?imwidth=480&impolicy=medium,13
10,https://ak1.ostkcdn.com/images/products/20228342/L26114515.jpg?imwidth=480&impolicy=medium,14
11,https://ak1.ostkcdn.com/images/products/12032959/L18905491.jpg?imwidth=480&impolicy=medium,11
12,https://ak1.ostkcdn.com/images/products/25580899/L30894818.jpg?imwidth=480&impolicy=medium,17
13,https://ak1.ostkcdn.com/images/products/27983629/L33098721.jpg?imwidth=480&impolicy=medium,1
14,https://ak1.ostkcdn.com/images/products/7942865/7942865/Avanti-Bronze-Kidney-Decorative-Pillow-L15317279.jpg?imwidth=480&impolicy=medium,19
15,https://ak1.ostkcdn.com/images/products/20577376/L26422775.jpg?imwidth=480&impolicy=medium,8
16,https://ak1.ostkcdn.com/images/products/10018832/L17165750.jpg?imwidth=480&impolicy=medium,74
17,https://ak1.ostkcdn.com/images/products/7884066/7884066/Sterling-Breeze-Kidney-Pillow-L15266463.jpg?imwidth=480&impolicy=medium,31
18,https://ak1.ostkcdn.com/images/products/10476009/L17565408.jpg?imwidth=480&impolicy=medium,5
19,https://ak1.ostkcdn.com/images/products/23143860/L28689484.jpg?imwidth=480&impolicy=medium,21
20,https://ak1.ostkcdn.com/images/products/22852256/L28431805.jpg?imwidth=480&impolicy=medium,43
21,https://ak1.ostkcdn.com/images/products/9740170/L16914396.jpg?imwidth=480&impolicy=medium,6
22,https://ak1.ostkcdn.com/images/products/27550519/L32711758.jpg?imwidth=480&impolicy=medium,2
23,https://ak1.ostkcdn.com/images/products/14391111/L20962420.jpg?imwidth=480&impolicy=medium,8
24,https://ak1.ostkcdn.com/images/products/19575543/L25560248.jpg?imwidth=480&impolicy=medium,29
25,https://ak1.ostkcdn.com/images/products/7873598/L15257262.jpg?imwidth=480&impolicy=medium,2
26,https://ak1.ostkcdn.com/images/products/26960129/L32182360.jpg?imwidth=480&impolicy=medium,52
27,https://ak1.ostkcdn.com/images/products/18065186/L24227753.jpg?imwidth=480&impolicy=medium,9
28,https://ak1.ostkcdn.com/images/products/9539922/L16717957.jpg?imwidth=480&impolicy=medium,95
29,https://ak1.ostkcdn.com/images/products/22824603/L28408620.jpg?imwidth=480&impolicy=medium,8
30,https://ak1.ostkcdn.com/images/products/22542759/L28162835.jpg?imwidth=480&impolicy=medium,78
31,https://ak1.ostkcdn.com/images/products/22884046/L28460409.jpg?imwidth=480&impolicy=medium,1
32,https://ak1.ostkcdn.com/images/products/12778636/L19552101.jpg?imwidth=480&impolicy=medium,84
33,https://ak1.ostkcdn.com/images/products/25580927/L30894846.jpg?imwidth=480&impolicy=medium,8
34,https://ak1.ostkcdn.com/images/products/24123157/L29573911.jpg?imwidth=480&impolicy=medium,50
35,https://ak1.ostkcdn.com/images/products/20340636/L26213437.jpg?imwidth=480&impolicy=medium,4
36,https://ak1.ostkcdn.com/images/products/25733888/L31032238.jpg?imwidth=480&impolicy=medium,53
37,https://ak1.ostkcdn.com/images/products/24034566/L29493731.jpg?imwidth=480&impolicy=medium,119
38,https://ak1.ostkcdn.com/images/products/24032776/L29492260.jpg?imwidth=480&impolicy=medium,15
0,https://ak1.ostkcdn.com/images/products/15910715/L22314396.jpg?imwidth=480&impolicy=medium,43
1,https://ak1.ostkcdn.com/images/products/12037237/L18908980.jpg?imwidth=480&impolicy=medium,10
2,https://ak1.ostkcdn.com/images/products/22676551/L28280653.jpg?imwidth=480&impolicy=medium,5
3,https://ak1.ostkcdn.com/images/products/9666401/L16848062.jpg?imwidth=480&impolicy=medium,125
4,https://ak1.ostkcdn.com/images/products/22639071/L28247636.jpg?imwidth=480&impolicy=medium,3
5,https://ak1.ostkcdn.com/images/products/18008055/L24178280.jpg?imwidth=480&impolicy=medium,36
6,https://ak1.ostkcdn.com/images/products/27600745/L32756288.jpg?imwidth=480&impolicy=medium,2
7,https://ak1.ostkcdn.com/images/products/19812934/L25748560.jpg?imwidth=480&impolicy=medium,4
8,https://ak1.ostkcdn.com/images/products/23052098/L28609433.jpg?imwidth=480&impolicy=medium,1
9,https://ak1.ostkcdn.com/images/products/26856453/L32089245.jpg?imwidth=480&impolicy=medium,2
10,https://ak1.ostkcdn.com/images/products/16566919/L22898718.jpg?imwidth=480&impolicy=medium,10
11,https://ak1.ostkcdn.com/images/products/22610904/L28222569.jpg?imwidth=480&impolicy=medium,5
12,https://ak1.ostkcdn.com/images/products/22972093/L28538623.jpg?imwidth=480&impolicy=medium,6
13,https://ak1.ostkcdn.com/images/products/13456561/L20145501.jpg?imwidth=480&impolicy=medium,73
14,https://ak1.ostkcdn.com/images/products/11664310/L18593807.jpg?imwidth=480&impolicy=medium,59
15,https://ak1.ostkcdn.com/images/products/25580914/L30894838.jpg?imwidth=480&impolicy=medium,1
16,https://ak1.ostkcdn.com/images/products/25560329/L30876264.jpg?imwidth=480&impolicy=medium,10
17,https://ak1.ostkcdn.com/images/products/27983652/L33098729.jpg?imwidth=480&impolicy=medium,1
18,https://ak1.ostkcdn.com/images/products/23156224/L28702124.jpg?imwidth=480&impolicy=medium,16
19,https://ak1.ostkcdn.com/images/products/22611728/L28223223.jpg?imwidth=480&impolicy=medium,4
20,https://ak1.ostkcdn.com/images/products/10648345/L17715175.jpg?imwidth=480&impolicy=medium,34
21,https://ak1.ostkcdn.com/images/products/24147347/L29595805.jpg?imwidth=480&impolicy=medium,4
22,https://ak1.ostkcdn.com/images/products/22610890/L28222556.jpg?imwidth=480&impolicy=medium,1
23,https://ak1.ostkcdn.com/images/products/22639074/L28247639.jpg?imwidth=480&impolicy=medium,20
24,https://ak1.ostkcdn.com/images/products/15910742/L22314417.jpg?imwidth=480&impolicy=medium,4
25,https://ak1.ostkcdn.com/images/products/21030486/L26819274.jpg?imwidth=480&impolicy=medium,7
26,https://ak1.ostkcdn.com/images/products/11511973/L18462737.jpg?imwidth=480&impolicy=medium,2
27,https://ak1.ostkcdn.com/images/products/14986869/L21487759.jpg?imwidth=480&impolicy=medium,7
28,https://ak1.ostkcdn.com/images/products/23143875/L28689494.jpg?imwidth=480&impolicy=medium,2
29,https://ak1.ostkcdn.com/images/products/13134795/L19863688.jpg?imwidth=480&impolicy=medium,7
30,https://ak1.ostkcdn.com/images/products/26394878/L31673099.jpg?imwidth=480&impolicy=medium,4
31,https://ak1.ostkcdn.com/images/products/22639076/L28247642.jpg?imwidth=480&impolicy=medium,1
32,https://ak1.ostkcdn.com/images/products/22638895/L28247523.jpg?imwidth=480&impolicy=medium,57
33,https://ak1.ostkcdn.com/images/products/20993317/L26787393.jpg?imwidth=480&impolicy=medium,1
34,https://ak1.ostkcdn.com/images/products/25436000/L30764546.jpg?imwidth=480&impolicy=medium,10
35,https://ak1.ostkcdn.com/images/products/18073022/L24234423.jpg?imwidth=480&impolicy=medium,1
36,https://ak1.ostkcdn.com/images/products/11852966/L18754139.jpg?imwidth=480&impolicy=medium,2
37,https://ak1.ostkcdn.com/images/products/23144118/L28689607.jpg?imwidth=480&impolicy=medium,3
38,https://ak1.ostkcdn.com/images/products/22638925/L28247534.jpg?imwidth=480&impolicy=medium,1
39,https://ak1.ostkcdn.com/images/products/22638948/L28247570.jpg?imwidth=480&impolicy=medium,6
40,https://ak1.ostkcdn.com/images/products/21867364/L27560414.jpg?imwidth=480&impolicy=medium,6
41,https://ak1.ostkcdn.com/images/products/27703535/L32847725.jpg?imwidth=480&impolicy=medium,3
0,https://ak1.ostkcdn.com/images/products/25434547/L30763283.jpg?imwidth=480&impolicy=medium,7
1,https://ak1.ostkcdn.com/images/products/8101838/L15451923.jpg?imwidth=480&impolicy=medium,644
2,https://ak1.ostkcdn.com/images/products/13571983/L20247992.jpg?imwidth=480&impolicy=medium,24
3,https://ak1.ostkcdn.com/images/products/20748451/L26570986.jpg?imwidth=480&impolicy=medium,25
4,https://ak1.ostkcdn.com/images/products/is/images/direct/3ed1087c1b717e2a01148be8708446a4893d373b/Handmade-Modern-Boho-Solid-Felt-Textured-Decorative-Throw-Pillow-Cover.jpg?imwidth=480&impolicy=medium,130
5,https://ak1.ostkcdn.com/images/products/14369464/L20943648.jpg?imwidth=480&impolicy=medium,346
6,https://ak1.ostkcdn.com/images/products/13571752/L20245451.jpg?imwidth=480&impolicy=medium,24
7,https://ak1.ostkcdn.com/images/products/23432839/L28951501.jpg?imwidth=480&impolicy=medium,71
8,https://ak1.ostkcdn.com/images/products/13572525/L20247993.jpg?imwidth=480&impolicy=medium,42
9,https://ak1.ostkcdn.com/images/products/14630102/L21170670.jpg?imwidth=480&impolicy=medium,26
10,https://ak1.ostkcdn.com/images/products/20585482/L26429897.jpg?imwidth=480&impolicy=medium,38
11,https://ak1.ostkcdn.com/images/products/25733901/L31032245.jpg?imwidth=480&impolicy=medium,12
12,https://ak1.ostkcdn.com/images/products/17856689/L24044423.jpg?imwidth=480&impolicy=medium,27
13,https://ak1.ostkcdn.com/images/products/8594246/L15865028.jpg?imwidth=480&impolicy=medium,191
14,https://ak1.ostkcdn.com/images/products/12777704/L19551170.jpg?imwidth=480&impolicy=medium,108
15,https://ak1.ostkcdn.com/images/products/22840645/L28422180.jpg?imwidth=480&impolicy=medium,28
16,https://ak1.ostkcdn.com/images/products/20878658/L26686460.jpg?imwidth=480&impolicy=medium,19
17,https://ak1.ostkcdn.com/images/products/10585916/L17660622.jpg?imwidth=480&impolicy=medium,105
18,https://ak1.ostkcdn.com/images/products/19891266/L15867479.jpg?imwidth=480&impolicy=medium,37
19,https://ak1.ostkcdn.com/images/products/11442149/L18402221.jpg?imwidth=480&impolicy=medium,463
20,https://ak1.ostkcdn.com/images/products/5643373/L13396310.jpg?imwidth=480&impolicy=medium,350
21,https://ak1.ostkcdn.com/images/products/9513766/L16692446.jpg?imwidth=480&impolicy=medium,259
22,https://ak1.ostkcdn.com/images/products/14628570/L21169384.jpg?imwidth=480&impolicy=medium,496
23,https://ak1.ostkcdn.com/images/products/9242273/L16408453.jpg?imwidth=480&impolicy=medium,65
24,https://ak1.ostkcdn.com/images/products/is/images/direct/37cd433b3f209b490708d078ada3ba44973d02a0/Glam-Solid-Silver-Handmade-Textured-Decorative-Throw-Pillow-Cover.jpg?imwidth=480&impolicy=medium,47
25,https://ak1.ostkcdn.com/images/products/17877717/L24063417.jpg?imwidth=480&impolicy=medium,27
26,https://ak1.ostkcdn.com/images/products/9730784/L16905525.jpg?imwidth=480&impolicy=medium,99
27,https://ak1.ostkcdn.com/images/products/28339027/L33413391.jpg?imwidth=480&impolicy=medium,53
28,https://ak1.ostkcdn.com/images/products/23128035/L28675910.jpg?imwidth=480&impolicy=medium,75
29,https://ak1.ostkcdn.com/images/products/20111870/L26012040.jpg?imwidth=480&impolicy=medium,69
30,https://ak1.ostkcdn.com/images/products/22610893/L28222564.jpg?imwidth=480&impolicy=medium,58
31,https://ak1.ostkcdn.com/images/products/27550516/L32711756.jpg?imwidth=480&impolicy=medium,97
32,https://ak1.ostkcdn.com/images/products/9090902/Haye-Aqua-Solid-18-inch-Throw-Pillow-L16280165.jpg?imwidth=480&impolicy=medium,3
33,https://ak1.ostkcdn.com/images/products/22814849/L28400610.jpg?imwidth=480&impolicy=medium,23
34,https://ak1.ostkcdn.com/images/products/25580892/L30894829.jpg?imwidth=480&impolicy=medium,21
35,https://ak1.ostkcdn.com/images/products/25641870/L30949013.jpg?imwidth=480&impolicy=medium,98
36,https://ak1.ostkcdn.com/images/products/8564442/L15840354.jpg?imwidth=480&impolicy=medium,14
37,https://ak1.ostkcdn.com/images/products/21493014/L27227118.jpg?imwidth=480&impolicy=medium,8
38,https://ak1.ostkcdn.com/images/products/20830973/L15257260.jpg?imwidth=480&impolicy=medium,35
0,https://ak1.ostkcdn.com/images/products/28311749/L33389193.jpg?imwidth=480&impolicy=medium,8
1,https://ak1.ostkcdn.com/images/products/18778763/L24849049.jpg?imwidth=480&impolicy=medium,4
2,https://ak1.ostkcdn.com/images/products/21235572/L27000399.jpg?imwidth=480&impolicy=medium,2
3,https://ak1.ostkcdn.com/images/products/21235269/L27000139.jpg?imwidth=480&impolicy=medium,2
4,https://ak1.ostkcdn.com/images/products/21235084/L26999976.jpg?imwidth=480&impolicy=medium,5
5,https://ak1.ostkcdn.com/images/products/25581346/L30895222.jpg?imwidth=480&impolicy=medium,32
6,https://ak1.ostkcdn.com/images/products/11586380/L18526892.jpg?imwidth=480&impolicy=medium,7
7,https://ak1.ostkcdn.com/images/products/is/images/direct/dd9f69478ae034b98a0f2220df08d0a66fce5085/Boho-Yellow-Gold-Fuzzy-Textured-Decorative-Handmade-Throw-Pillow-Cover%2C-12x20.jpg?imwidth=480&impolicy=medium,39
8,https://ak1.ostkcdn.com/images/products/22704559/L28304665.jpg?imwidth=480&impolicy=medium,76
9,https://ak1.ostkcdn.com/images/products/9943650/L17098484.jpg?imwidth=480&impolicy=medium,64
10,https://ak1.ostkcdn.com/images/products/18536555/L24643966.jpg?imwidth=480&impolicy=medium,18
11,https://ak1.ostkcdn.com/images/products/8610392/Austin-Horn-Classics-Toulouse-Luxury-Down-Fill-Fur-Pillow-L15878149.jpg?imwidth=480&impolicy=medium,60
12,https://ak1.ostkcdn.com/images/products/9012716/Michael-Amini-Black-Sequined-Accent-Pillow-L16214678.jpg?imwidth=480&impolicy=medium,150
13,https://ak1.ostkcdn.com/images/products/9551294/L16732101.jpg?imwidth=480&impolicy=medium,11
14,https://ak1.ostkcdn.com/images/products/23432840/L28951502.jpg?imwidth=480&impolicy=medium,72
15,https://ak1.ostkcdn.com/images/products/8698501/L15950109.jpg?imwidth=480&impolicy=medium,114
16,https://ak1.ostkcdn.com/images/products/8557408/L15834555.jpg?imwidth=480&impolicy=medium,385
17,https://ak1.ostkcdn.com/images/products/10359962/L17467882.jpg?imwidth=480&impolicy=medium,1
18,https://ak1.ostkcdn.com/images/products/17127935/L23395157.jpg?imwidth=480&impolicy=medium,6
19,https://ak1.ostkcdn.com/images/products/12114879/L18975541.jpg?imwidth=480&impolicy=medium,3
20,https://ak1.ostkcdn.com/images/products/14391093/L20962405.jpg?imwidth=480&impolicy=medium,41
21,https://ak1.ostkcdn.com/images/products/27880109/L33006189.jpg?imwidth=480&impolicy=medium,180
22,https://ak1.ostkcdn.com/images/products/9242256/L16408450.jpg?imwidth=480&impolicy=medium,12
23,https://ak1.ostkcdn.com/images/products/23585743/L29086909.jpg?imwidth=480&impolicy=medium,3
24,https://ak1.ostkcdn.com/images/products/26640829/L31893230.jpg?imwidth=480&impolicy=medium,227
25,https://ak1.ostkcdn.com/images/products/11484013/L18438351.jpg?imwidth=480&impolicy=medium,4
26,https://ak1.ostkcdn.com/images/products/9273410/L16437094.jpg?imwidth=480&impolicy=medium,1
27,https://ak1.ostkcdn.com/images/products/22611718/L28223214.jpg?imwidth=480&impolicy=medium,141
28,https://ak1.ostkcdn.com/images/products/11682720/L18609559.jpg?imwidth=480&impolicy=medium,1K
29,https://ak1.ostkcdn.com/images/products/26960118/L32182344.jpg?imwidth=480&impolicy=medium,13
30,https://ak1.ostkcdn.com/images/products/22544211/L28163389.jpg?imwidth=480&impolicy=medium,183
31,https://ak1.ostkcdn.com/images/products/28311741/L33389192.jpg?imwidth=480&impolicy=medium,19
32,https://ak1.ostkcdn.com/images/products/7576265/7576265/Sweet-Serona-18-inch-Brown-Decorative-Pillows-Set-of-2-L15004367.jpeg?imwidth=480&impolicy=medium,38
33,https://ak1.ostkcdn.com/images/products/23591790/L29092244.jpg?imwidth=480&impolicy=medium,20
34,https://ak1.ostkcdn.com/images/products/9777034/L16946987.jpg?imwidth=480&impolicy=medium,24
35,https://ak1.ostkcdn.com/images/products/12032991/L18905495.jpg?imwidth=480&impolicy=medium,42
36,https://ak1.ostkcdn.com/images/products/21030680/L26819432.jpg?imwidth=480&impolicy=medium,4
37,https://ak1.ostkcdn.com/images/products/21235485/L27000320.jpg?imwidth=480&impolicy=medium,59
38,https://ak1.ostkcdn.com/images/products/L17660623ir.jpg?imwidth=480&impolicy=medium,28
39,https://ak1.ostkcdn.com/images/products/8698503/L15950110.jpg?imwidth=480&impolicy=medium,6
40,https://ak1.ostkcdn.com/images/products/22426000/L28058164.jpg?imwidth=480&impolicy=medium,4
41,https://ak1.ostkcdn.com/images/products/27983665/L33098716.jpg?imwidth=480&impolicy=medium,221
42,https://ak1.ostkcdn.com/images/products/22092550/L27761394.jpg?imwidth=480&impolicy=medium,105
43,https://ak1.ostkcdn.com/images/products/9769698/L16939855.jpg?imwidth=480&impolicy=medium,44
44,https://ak1.ostkcdn.com/images/products/18778843/L24849092.jpg?imwidth=480&impolicy=medium,112
45,https://ak1.ostkcdn.com/images/products/28339038/L33413390.jpg?imwidth=480&impolicy=medium,6
46,https://ak1.ostkcdn.com/images/products/8540424/L15820346.jpg?imwidth=480&impolicy=medium,4
47,https://ak1.ostkcdn.com/images/products/12545822/L19348267.jpg?imwidth=480&impolicy=medium,14
0,https://ak1.ostkcdn.com/images/products/11468671/L18425136.jpg?imwidth=480&impolicy=medium,86
1,https://ak1.ostkcdn.com/images/products/13090753/L19823619.jpg?imwidth=480&impolicy=medium,64
2,https://ak1.ostkcdn.com/images/products/11483987/L18438340.jpg?imwidth=480&impolicy=medium,15
3,https://ak1.ostkcdn.com/images/products/27983657/L33098713.jpg?imwidth=480&impolicy=medium,3
4,https://ak1.ostkcdn.com/images/products/25581344/L30895219.jpg?imwidth=480&impolicy=medium,6
5,https://ak1.ostkcdn.com/images/products/9940126/L17095198.jpg?imwidth=480&impolicy=medium,132
6,https://ak1.ostkcdn.com/images/products/16050959/L22439289.jpg?imwidth=480&impolicy=medium,26
7,https://ak1.ostkcdn.com/images/products/13090307/L19823582.jpg?imwidth=480&impolicy=medium,52
8,https://ak1.ostkcdn.com/images/products/22611719/L28223215.jpg?imwidth=480&impolicy=medium,7
9,https://ak1.ostkcdn.com/images/products/16393262/L22743551.jpg?imwidth=480&impolicy=medium,25
10,https://ak1.ostkcdn.com/images/products/16937190/L23226383.jpg?imwidth=480&impolicy=medium,90
11,https://ak1.ostkcdn.com/images/products/19618325/L25573835.jpg?imwidth=480&impolicy=medium,12
12,https://ak1.ostkcdn.com/images/products/10431403/L17529291.jpg?imwidth=480&impolicy=medium,99
13,https://ak1.ostkcdn.com/images/products/17761014/L23960227.jpg?imwidth=480&impolicy=medium,76
14,https://ak1.ostkcdn.com/images/products/9826227/L16990913.jpg?imwidth=480&impolicy=medium,57
15,https://ak1.ostkcdn.com/images/products/22610926/L28222582.jpg?imwidth=480&impolicy=medium,23
16,https://ak1.ostkcdn.com/images/products/9956036/L17109600.jpg?imwidth=480&impolicy=medium,24
17,https://ak1.ostkcdn.com/images/products/25733898/L31032242.jpg?imwidth=480&impolicy=medium,2
18,https://ak1.ostkcdn.com/images/products/12138149/L18994566.jpg?imwidth=480&impolicy=medium,2
19,https://ak1.ostkcdn.com/images/products/9951198/L17105502.jpg?imwidth=480&impolicy=medium,2
20,https://ak1.ostkcdn.com/images/products/27566028/L32725486.jpg?imwidth=480&impolicy=medium,42
21,https://ak1.ostkcdn.com/images/products/23435397/L28953682.jpg?imwidth=480&impolicy=medium,65
22,https://ak1.ostkcdn.com/images/products/11682757/L18609593.jpg?imwidth=480&impolicy=medium,6
23,https://ak1.ostkcdn.com/images/products/27983655/L33098712.jpg?imwidth=480&impolicy=medium,51
24,https://ak1.ostkcdn.com/images/products/24085615/L29540080.jpg?imwidth=480&impolicy=medium,1
25,https://ak1.ostkcdn.com/images/products/9943651/L17098485.jpg?imwidth=480&impolicy=medium,40
26,https://ak1.ostkcdn.com/images/products/7942892/7942892/Avanti-Apple-Square-Decorative-Pillow-L15317297.jpg?imwidth=480&impolicy=medium,44
27,https://ak1.ostkcdn.com/images/products/22638899/L28247513.jpg?imwidth=480&impolicy=medium,13
28,https://ak1.ostkcdn.com/images/products/17765088/L18462534.jpg?imwidth=480&impolicy=medium,3
29,https://ak1.ostkcdn.com/images/products/12036881/L18908636.jpg?imwidth=480&impolicy=medium,100
30,https://ak1.ostkcdn.com/images/products/11511958/L18462533.jpg?imwidth=480&impolicy=medium,7
31,https://ak1.ostkcdn.com/images/products/27032311/L32247146.jpg?imwidth=480&impolicy=medium,10
32,https://ak1.ostkcdn.com/images/products/27739970/L32880485.jpg?imwidth=480&impolicy=medium,54
0,https://ak1.ostkcdn.com/images/products/13155725/L19882111.jpg?imwidth=480&impolicy=medium,22
1,https://ak1.ostkcdn.com/images/products/27983666/L33098736.jpg?imwidth=480&impolicy=medium,69
2,https://ak1.ostkcdn.com/images/products/12038158/L18909828.jpg?imwidth=480&impolicy=medium,7
3,https://ak1.ostkcdn.com/images/products/14391076/L20962390.jpg?imwidth=480&impolicy=medium,15
4,https://ak1.ostkcdn.com/images/products/12137514/L18993951.jpg?imwidth=480&impolicy=medium,3
5,https://ak1.ostkcdn.com/images/products/23128025/L28675911.jpg?imwidth=480&impolicy=medium,11
6,https://ak1.ostkcdn.com/images/products/24318220/L29749958.jpg?imwidth=480&impolicy=medium,66
7,https://ak1.ostkcdn.com/images/products/10924990/L17954799.jpg?imwidth=480&impolicy=medium,21
8,https://ak1.ostkcdn.com/images/products/7637535/7637535/Blue-Leather-Matador-18x18-inch-Pillow-L15055112.jpeg?imwidth=480&impolicy=medium,4
9,https://ak1.ostkcdn.com/images/products/20565704/L26412222.jpg?imwidth=480&impolicy=medium,10
10,https://ak1.ostkcdn.com/images/products/22092537/L27761389.jpg?imwidth=480&impolicy=medium,10
11,https://ak1.ostkcdn.com/images/products/12035690/L18907654.jpg?imwidth=480&impolicy=medium,2
12,https://ak1.ostkcdn.com/images/products/23122379/L28671408.jpg?imwidth=480&impolicy=medium,1
13,https://ak1.ostkcdn.com/images/products/9273339/L16437096.jpg?imwidth=480&impolicy=medium,24
14,https://ak1.ostkcdn.com/images/products/11468723/L18425208.jpg?imwidth=480&impolicy=medium,416
15,https://ak1.ostkcdn.com/images/products/25580919/L30894840.jpg?imwidth=480&impolicy=medium,9
16,https://ak1.ostkcdn.com/images/products/11484014/L18438352.jpg?imwidth=480&impolicy=medium,3
17,https://ak1.ostkcdn.com/images/products/27983656/L33098731.jpg?imwidth=480&impolicy=medium,4
18,https://ak1.ostkcdn.com/images/products/27741393/L32880952.jpg?imwidth=480&impolicy=medium,11
19,https://ak1.ostkcdn.com/images/products/27621483/L32774830.jpg?imwidth=480&impolicy=medium,1
20,https://ak1.ostkcdn.com/images/products/23620850/L29117488.jpg?imwidth=480&impolicy=medium,1
21,https://ak1.ostkcdn.com/images/products/8244355/8244355/Sherry-Kline-Sensation-Pillows-Set-of-2-L15571775.jpg?imwidth=480&impolicy=medium,54
22,https://ak1.ostkcdn.com/images/products/28287793/L33367736.jpg?imwidth=480&impolicy=medium,2
23,https://ak1.ostkcdn.com/images/products/25606673/L30917735.jpg?imwidth=480&impolicy=medium,12
24,https://ak1.ostkcdn.com/images/products/22858875/L28438332.jpg?imwidth=480&impolicy=medium,1
25,https://ak1.ostkcdn.com/images/products/27298959/L32486321.jpg?imwidth=480&impolicy=medium,6
26,https://ak1.ostkcdn.com/images/products/20876319/L26684381.jpg?imwidth=480&impolicy=medium,5
27,https://ak1.ostkcdn.com/images/products/19990826/L25905274.jpg?imwidth=480&impolicy=medium,8
28,https://ak1.ostkcdn.com/images/products/20585505/L26429907.jpg?imwidth=480&impolicy=medium,1
29,https://ak1.ostkcdn.com/images/products/22638918/L28247557.jpg?imwidth=480&impolicy=medium,13
30,https://ak1.ostkcdn.com/images/products/22610876/L28222574.jpg?imwidth=480&impolicy=medium,10
31,https://ak1.ostkcdn.com/images/products/22610894/L28222565.jpg?imwidth=480&impolicy=medium,31
32,https://ak1.ostkcdn.com/images/products/11936917/L18825270.jpg?imwidth=480&impolicy=medium,4
33,https://ak1.ostkcdn.com/images/products/26275364/L31565835.jpg?imwidth=480&impolicy=medium,23
34,https://ak1.ostkcdn.com/images/products/16069758/L22456060.jpg?imwidth=480&impolicy=medium,4
35,https://ak1.ostkcdn.com/images/products/14391094/L20962406.jpg?imwidth=480&impolicy=medium,3
36,https://ak1.ostkcdn.com/images/products/19532039/L25522391.jpg?imwidth=480&impolicy=medium,37
37,https://ak1.ostkcdn.com/images/products/8893467/Mina-Victory-Luminescence-Gold-20-inch-Throw-Pillow-L16114545.jpg?imwidth=480&impolicy=medium,23
38,https://ak1.ostkcdn.com/images/products/10246414/L17365323.jpg?imwidth=480&impolicy=medium,16
39,https://ak1.ostkcdn.com/images/products/20585472/L26429928.jpg?imwidth=480&impolicy=medium,12
40,https://ak1.ostkcdn.com/images/products/28114102/L33214038.jpg?imwidth=480&impolicy=medium,12
41,https://ak1.ostkcdn.com/images/products/11484063/L18438381.jpg?imwidth=480&impolicy=medium,17
42,https://ak1.ostkcdn.com/images/products/24162754/L29609288.jpg?imwidth=480&impolicy=medium,57
43,https://ak1.ostkcdn.com/images/products/24034567/L29493732.jpg?imwidth=480&impolicy=medium,5
44,https://ak1.ostkcdn.com/images/products/8232488/8232488/Veratex-Santa-Fe-Euro-Sham-Throw-Pillow-L15561578.jpg?imwidth=480&impolicy=medium,4
45,https://ak1.ostkcdn.com/images/products/25435998/L30764545.jpg?imwidth=480&impolicy=medium,133
46,https://ak1.ostkcdn.com/images/products/6641108/6641108/Simplicity-18-inch-Wheat-Decorative-Pillows-Set-of-2-L14204400.jpeg?imwidth=480&impolicy=medium,8
47,https://ak1.ostkcdn.com/images/products/16069759/L22456061.jpg?imwidth=480&impolicy=medium,69
48,https://ak1.ostkcdn.com/images/products/15638845/L22069486.jpg?imwidth=480&impolicy=medium,25
49,https://ak1.ostkcdn.com/images/products/9273407/L16437091.jpg?imwidth=480&impolicy=medium,41
50,https://ak1.ostkcdn.com/images/products/16389838/L22740631.jpg?imwidth=480&impolicy=medium,169
0,https://ak1.ostkcdn.com/images/products/28274776/L33356207.jpg?imwidth=480&impolicy=medium,5
1,https://ak1.ostkcdn.com/images/products/20010581/L25921986.jpg?imwidth=480&impolicy=medium,6
2,https://ak1.ostkcdn.com/images/products/23435388/L28953683.jpg?imwidth=480&impolicy=medium,1
3,https://ak1.ostkcdn.com/images/products/22426989/L28058836.jpg?imwidth=480&impolicy=medium,4
4,https://ak1.ostkcdn.com/images/products/10071715/L17215722.jpg?imwidth=480&impolicy=medium,14
5,https://ak1.ostkcdn.com/images/products/22728338/L28325326.jpg?imwidth=480&impolicy=medium,2
6,https://ak1.ostkcdn.com/images/products/28082526/L33186038.jpg?imwidth=480&impolicy=medium,8
7,https://ak1.ostkcdn.com/images/products/28339043/L33413395.jpg?imwidth=480&impolicy=medium,2
8,https://ak1.ostkcdn.com/images/products/20301070/L26178830.jpg?imwidth=480&impolicy=medium,1
9,https://ak1.ostkcdn.com/images/products/26980913/L32200635.jpg?imwidth=480&impolicy=medium,5
10,https://ak1.ostkcdn.com/images/products/28339041/L33413394.jpg?imwidth=480&impolicy=medium,12
11,https://ak1.ostkcdn.com/images/products/28069529/L33174555.jpg?imwidth=480&impolicy=medium,24
12,https://ak1.ostkcdn.com/images/products/26960117/L32182343.jpg?imwidth=480&impolicy=medium,3
13,https://ak1.ostkcdn.com/images/products/19401894/L25409170.jpg?imwidth=480&impolicy=medium,9
14,https://ak1.ostkcdn.com/images/products/7576483/7576483/Sweet-Serona-18-inch-Red-Decorative-Pillows-Set-of-2-L15004507.jpeg?imwidth=480&impolicy=medium,80
15,https://ak1.ostkcdn.com/images/products/19574731/L25559505.jpg?imwidth=480&impolicy=medium,12
16,https://ak1.ostkcdn.com/images/products/20301065/L26178826.jpg?imwidth=480&impolicy=medium,26
17,https://ak1.ostkcdn.com/images/products/11484009/L18438350.jpg?imwidth=480&impolicy=medium,5
18,https://ak1.ostkcdn.com/images/products/25722212/L31021358.jpg?imwidth=480&impolicy=medium,2
19,https://ak1.ostkcdn.com/images/products/22822834/L28407091.jpg?imwidth=480&impolicy=medium,1
20,https://ak1.ostkcdn.com/images/products/11468732/L18425216.jpg?imwidth=480&impolicy=medium,21
21,https://ak1.ostkcdn.com/images/products/15861480/L22270764.jpg?imwidth=480&impolicy=medium,20
22,https://ak1.ostkcdn.com/images/products/25580894/L30894816.jpg?imwidth=480&impolicy=medium,3
23,https://ak1.ostkcdn.com/images/products/28228505/L33315594.jpg?imwidth=480&impolicy=medium,28
24,https://ak1.ostkcdn.com/images/products/7942837/7942837/Coco-Coral-Kidney-Decorative-Pillow-L15317272.jpg?imwidth=480&impolicy=medium,1
25,https://ak1.ostkcdn.com/images/products/27983654/L33098730.jpg?imwidth=480&impolicy=medium,17
26,https://ak1.ostkcdn.com/images/products/8664060/Gianna-Quilted-18-inch-Silk-Decorative-Pillow-L15922193.jpg?imwidth=480&impolicy=medium,4
27,https://ak1.ostkcdn.com/images/products/20445619/L26307133.jpg?imwidth=480&impolicy=medium,6
28,https://ak1.ostkcdn.com/images/products/20651786/L26487939.jpg?imwidth=480&impolicy=medium,9
29,https://ak1.ostkcdn.com/images/products/23621298/L29118158.jpg?imwidth=480&impolicy=medium,4
30,https://ak1.ostkcdn.com/images/products/22610906/L28222573.jpg?imwidth=480&impolicy=medium,7
31,https://ak1.ostkcdn.com/images/products/22638904/L28247519.jpg?imwidth=480&impolicy=medium,8
32,https://ak1.ostkcdn.com/images/products/25733899/L31032243.jpg?imwidth=480&impolicy=medium,8
33,https://ak1.ostkcdn.com/images/products/19527678/L25518697.jpg?imwidth=480&impolicy=medium,82
34,https://ak1.ostkcdn.com/images/products/13578925/L20254176.jpg?imwidth=480&impolicy=medium,5
35,https://ak1.ostkcdn.com/images/products/22019638/L27695816.jpg?imwidth=480&impolicy=medium,1
36,https://ak1.ostkcdn.com/images/products/28288277/L33368203.jpg?imwidth=480&impolicy=medium,12
37,https://ak1.ostkcdn.com/images/products/12035761/L18907718.jpg?imwidth=480&impolicy=medium,65
38,https://ak1.ostkcdn.com/images/products/11441426/L18401699.jpg?imwidth=480&impolicy=medium,6
39,https://ak1.ostkcdn.com/images/products/25606981/L30918005.jpg?imwidth=480&impolicy=medium,3
40,https://ak1.ostkcdn.com/images/products/10018831/L17165749.jpg?imwidth=480&impolicy=medium,12
41,https://ak1.ostkcdn.com/images/products/12251079/L19092618.jpg?imwidth=480&impolicy=medium,1
42,https://ak1.ostkcdn.com/images/products/23086481/L28639843.jpg?imwidth=480&impolicy=medium,51
43,https://ak1.ostkcdn.com/images/products/21725044/L27433658.jpg?imwidth=480&impolicy=medium,5
44,https://ak1.ostkcdn.com/images/products/28249906/L33334573.jpg?imwidth=480&impolicy=medium,1
45,https://ak1.ostkcdn.com/images/products/24087275/L29541704.jpg?imwidth=480&impolicy=medium,9
46,https://ak1.ostkcdn.com/images/products/19879907/L25806931.jpg?imwidth=480&impolicy=medium,3
47,https://ak1.ostkcdn.com/images/products/23620476/L29118598.jpg?imwidth=480&impolicy=medium,6
0,https://ak1.ostkcdn.com/images/products/19575609/L25560265.jpg?imwidth=480&impolicy=medium,2
1,https://ak1.ostkcdn.com/images/products/22676553/L28280655.jpg?imwidth=480&impolicy=medium,3
2,https://ak1.ostkcdn.com/images/products/22638942/L28247566.jpg?imwidth=480&impolicy=medium,1
3,https://ak1.ostkcdn.com/images/products/22798110/L28386635.jpg?imwidth=480&impolicy=medium,8
4,https://ak1.ostkcdn.com/images/products/18072915/L24234378.jpg?imwidth=480&impolicy=medium,4
5,https://ak1.ostkcdn.com/images/products/20577371/L26422774.jpg?imwidth=480&impolicy=medium,1
6,https://ak1.ostkcdn.com/images/products/23122376/L28671404.jpg?imwidth=480&impolicy=medium,2
7,https://ak1.ostkcdn.com/images/products/12036873/L18908634.jpg?imwidth=480&impolicy=medium,10
8,https://ak1.ostkcdn.com/images/products/9273416/L16437075.jpg?imwidth=480&impolicy=medium,30
9,https://ak1.ostkcdn.com/images/products/26856455/L32089241.jpg?imwidth=480&impolicy=medium,2
10,https://ak1.ostkcdn.com/images/products/11468739/L18425222.jpg?imwidth=480&impolicy=medium,17
11,https://ak1.ostkcdn.com/images/products/27983662/L33098735.jpg?imwidth=480&impolicy=medium,7
12,https://ak1.ostkcdn.com/images/products/5750852/L13481291.jpg?imwidth=480&impolicy=medium,1
13,https://ak1.ostkcdn.com/images/products/27636066/L32787757.jpg?imwidth=480&impolicy=medium,35
14,https://ak1.ostkcdn.com/images/products/11468692/L18425196.jpg?imwidth=480&impolicy=medium,60
15,https://ak1.ostkcdn.com/images/products/10067674/L17212059.jpg?imwidth=480&impolicy=medium,1
16,https://ak1.ostkcdn.com/images/products/27623677/L32776723.jpg?imwidth=480&impolicy=medium,15
17,https://ak1.ostkcdn.com/images/products/26051769/L31364931.jpg?imwidth=480&impolicy=medium,4
18,https://ak1.ostkcdn.com/images/products/9940100/L17095183.jpg?imwidth=480&impolicy=medium,37
19,https://ak1.ostkcdn.com/images/products/25733900/L31032244.jpg?imwidth=480&impolicy=medium,1
20,https://ak1.ostkcdn.com/images/products/25730667/L31029359.jpg?imwidth=480&impolicy=medium,7
21,https://ak1.ostkcdn.com/images/products/19574732/L25559506.jpg?imwidth=480&impolicy=medium,3
22,https://ak1.ostkcdn.com/images/products/19618280/L25573834.jpg?imwidth=480&impolicy=medium,21
23,https://ak1.ostkcdn.com/images/products/22639079/L28247644.jpg?imwidth=480&impolicy=medium,6
24,https://ak1.ostkcdn.com/images/products/22638911/L28247525.jpg?imwidth=480&impolicy=medium,4
25,https://ak1.ostkcdn.com/images/products/28251681/L33336090.jpg?imwidth=480&impolicy=medium,6
26,https://ak1.ostkcdn.com/images/products/27983623/L33098718.jpg?imwidth=480&impolicy=medium,2
27,https://ak1.ostkcdn.com/images/products/20301067/L26178828.jpg?imwidth=480&impolicy=medium,20
28,https://ak1.ostkcdn.com/images/products/15910645/L22314363.jpg?imwidth=480&impolicy=medium,3
29,https://ak1.ostkcdn.com/images/products/27983624/L33098699.jpg?imwidth=480&impolicy=medium,1
30,https://ak1.ostkcdn.com/images/products/12035775/L18907727.jpg?imwidth=480&impolicy=medium,14
31,https://ak1.ostkcdn.com/images/products/25722205/L31021355.jpg?imwidth=480&impolicy=medium,3
32,https://ak1.ostkcdn.com/images/products/25580911/L30894820.jpg?imwidth=480&impolicy=medium,1
33,https://ak1.ostkcdn.com/images/products/25603503/L30914930.jpg?imwidth=480&impolicy=medium,13
34,https://ak1.ostkcdn.com/images/products/9273411/L16437095.jpg?imwidth=480&impolicy=medium,142
35,https://ak1.ostkcdn.com/images/products/12376484/L19200437.jpg?imwidth=480&impolicy=medium,22
36,https://ak1.ostkcdn.com/images/products/is/images/direct/4dd25e95c10a1935f147059443d62d15e135507e/Solid-Yellow-Green-Textured-Decorative-Handmade-Throw-Pillow-Cover%2C-18x18.jpg?imwidth=480&impolicy=medium,25
37,https://ak1.ostkcdn.com/images/products/9940179/L17095192.jpg?imwidth=480&impolicy=medium,2
38,https://ak1.ostkcdn.com/images/products/25325053/L30664310.jpg?imwidth=480&impolicy=medium,1
39,https://ak1.ostkcdn.com/images/products/11468689/L18425193.jpg?imwidth=480&impolicy=medium,5
40,https://ak1.ostkcdn.com/images/products/23621714/L29118895.jpg?imwidth=480&impolicy=medium,10
41,https://ak1.ostkcdn.com/images/products/27123608/L32328970.jpg?imwidth=480&impolicy=medium,84
42,https://ak1.ostkcdn.com/images/products/8595255/L15865945.jpg?imwidth=480&impolicy=medium,1
43,https://ak1.ostkcdn.com/images/products/11441485/L18401700.jpg?imwidth=480&impolicy=medium,16
44,https://ak1.ostkcdn.com/images/products/8557437/L15834574.jpg?imwidth=480&impolicy=medium,30
45,https://ak1.ostkcdn.com/images/products/19574734/L25559524.jpg?imwidth=480&impolicy=medium,25
46,https://ak1.ostkcdn.com/images/products/19575599/L25560266.jpg?imwidth=480&impolicy=medium,13
47,https://ak1.ostkcdn.com/images/products/26451897/L31722938.jpg?imwidth=480&impolicy=medium,15
0,https://ak1.ostkcdn.com/images/products/18073019/L24234421.jpg?imwidth=480&impolicy=medium,3
1,https://ak1.ostkcdn.com/images/products/22638946/L28247569.jpg?imwidth=480&impolicy=medium,3
2,https://ak1.ostkcdn.com/images/products/22638913/L28247528.jpg?imwidth=480&impolicy=medium,3
3,https://ak1.ostkcdn.com/images/products/22610925/L28222561.jpg?imwidth=480&impolicy=medium,5
4,https://ak1.ostkcdn.com/images/products/16566898/L22898716.jpg?imwidth=480&impolicy=medium,8
5,https://ak1.ostkcdn.com/images/products/10215023/L17337228.jpg?imwidth=480&impolicy=medium,32
6,https://ak1.ostkcdn.com/images/products/20873112/L26681472.jpg?imwidth=480&impolicy=medium,21
7,https://ak1.ostkcdn.com/images/products/7529446/7529446/Duncan-Down-or-Poly-Filled-Pillow-L14966213.jpeg?imwidth=480&impolicy=medium,19
8,https://ak1.ostkcdn.com/images/products/20878648/L26686458.jpg?imwidth=480&impolicy=medium,3
9,https://ak1.ostkcdn.com/images/products/18227432/L24368001.jpg?imwidth=480&impolicy=medium,15
10,https://ak1.ostkcdn.com/images/products/22276016/L27925734.jpg?imwidth=480&impolicy=medium,4
11,https://ak1.ostkcdn.com/images/products/10246442/L17365340.jpg?imwidth=480&impolicy=medium,11
12,https://ak1.ostkcdn.com/images/products/15264718/L21735075.jpg?imwidth=480&impolicy=medium,4
13,https://ak1.ostkcdn.com/images/products/14391271/L20962560.jpg?imwidth=480&impolicy=medium,1
14,https://ak1.ostkcdn.com/images/products/10246419/L17365326.jpg?imwidth=480&impolicy=medium,39
15,https://ak1.ostkcdn.com/images/products/16389829/L22740627.jpg?imwidth=480&impolicy=medium,5
16,https://ak1.ostkcdn.com/images/products/20295433/L26174166.jpg?imwidth=480&impolicy=medium,1
17,https://ak1.ostkcdn.com/images/products/10218897/L17340640.jpg?imwidth=480&impolicy=medium,7
18,https://ak1.ostkcdn.com/images/products/15910643/L22314362.jpg?imwidth=480&impolicy=medium,3
19,https://ak1.ostkcdn.com/images/products/27742912/L32883035.jpg?imwidth=480&impolicy=medium,11
20,https://ak1.ostkcdn.com/images/products/18536565/L24643967.jpg?imwidth=480&impolicy=medium,25
21,https://ak1.ostkcdn.com/images/products/10018840/L17165757.jpg?imwidth=480&impolicy=medium,6
22,https://ak1.ostkcdn.com/images/products/21235538/L27000398.jpg?imwidth=480&impolicy=medium,2
23,https://ak1.ostkcdn.com/images/products/28416303/L33482250.jpg?imwidth=480&impolicy=medium,13
24,https://ak1.ostkcdn.com/images/products/10206438/L17329542.jpg?imwidth=480&impolicy=medium,682
25,https://ak1.ostkcdn.com/images/products/11586329/L18526865.jpg?imwidth=480&impolicy=medium,3
26,https://ak1.ostkcdn.com/images/products/10218895/L17340639.jpg?imwidth=480&impolicy=medium,5
27,https://ak1.ostkcdn.com/images/products/21235430/L27000302.jpg?imwidth=480&impolicy=medium,37
28,https://ak1.ostkcdn.com/images/products/22719018/L28317509.jpg?imwidth=480&impolicy=medium,9
29,https://ak1.ostkcdn.com/images/products/23586422/L29087546.jpg?imwidth=480&impolicy=medium,5
30,https://ak1.ostkcdn.com/images/products/25603502/L30914929.jpg?imwidth=480&impolicy=medium,1
31,https://ak1.ostkcdn.com/images/products/21492963/L27227053.jpg?imwidth=480&impolicy=medium,1
32,https://ak1.ostkcdn.com/images/products/22611724/L28223219.jpg?imwidth=480&impolicy=medium,2
33,https://ak1.ostkcdn.com/images/products/27422744/L32596919.jpg?imwidth=480&impolicy=medium,116
34,https://ak1.ostkcdn.com/images/products/28339039/L33413392.jpg?imwidth=480&impolicy=medium,3
35,https://ak1.ostkcdn.com/images/products/22997962/L28561658.jpg?imwidth=480&impolicy=medium,2
36,https://ak1.ostkcdn.com/images/products/7873214/L15256903.jpg?imwidth=480&impolicy=medium,4
37,https://ak1.ostkcdn.com/images/products/23056320/L28613028.jpg?imwidth=480&impolicy=medium,5
38,https://ak1.ostkcdn.com/images/products/23143933/L28690096.jpg?imwidth=480&impolicy=medium,9
39,https://ak1.ostkcdn.com/images/products/20931389/L18905111.jpg?imwidth=480&impolicy=medium,1
40,https://ak1.ostkcdn.com/images/products/22998348/L28561656.jpg?imwidth=480&impolicy=medium,1
41,https://ak1.ostkcdn.com/images/products/24147341/L29595800.jpg?imwidth=480&impolicy=medium,6
42,https://ak1.ostkcdn.com/images/products/8664665/Sherry-Kline-Circo-18-inch-Decorative-Pillow-L15922702.jpg?imwidth=480&impolicy=medium,34
43,https://ak1.ostkcdn.com/images/products/25436006/L30764550.jpg?imwidth=480&impolicy=medium,4
44,https://ak1.ostkcdn.com/images/products/22019371/L27695613.jpg?imwidth=480&impolicy=medium,37
45,https://ak1.ostkcdn.com/images/products/24032668/L29492258.jpg?imwidth=480&impolicy=medium,1
46,https://ak1.ostkcdn.com/images/products/24032605/L29492085.jpg?imwidth=480&impolicy=medium,3
47,https://ak1.ostkcdn.com/images/products/19567212/L25552704.jpg?imwidth=480&impolicy=medium,2
0,https://ak1.ostkcdn.com/images/products/26451880/L31722937.jpg?imwidth=480&impolicy=medium,3
1,https://ak1.ostkcdn.com/images/products/15265037/L21735183.jpg?imwidth=480&impolicy=medium,16
2,https://ak1.ostkcdn.com/images/products/10067650/L17212064.jpg?imwidth=480&impolicy=medium,19
3,https://ak1.ostkcdn.com/images/products/20594031/L26437170.jpg?imwidth=480&impolicy=medium,11
4,https://ak1.ostkcdn.com/images/products/9273415/L16437074.jpg?imwidth=480&impolicy=medium,29
5,https://ak1.ostkcdn.com/images/products/12032643/L18905211.jpg?imwidth=480&impolicy=medium,7
6,https://ak1.ostkcdn.com/images/products/22277317/L27926896.jpg?imwidth=480&impolicy=medium,2
7,https://ak1.ostkcdn.com/images/products/22851777/L28431802.jpg?imwidth=480&impolicy=medium,8
8,https://ak1.ostkcdn.com/images/products/10018833/L17165751.jpg?imwidth=480&impolicy=medium,54
9,https://ak1.ostkcdn.com/images/products/12035694/L18907656.jpg?imwidth=480&impolicy=medium,7
10,https://ak1.ostkcdn.com/images/products/28179700/L33271947.jpg?imwidth=480&impolicy=medium,10
11,https://ak1.ostkcdn.com/images/products/18072828/L24234568.jpg?imwidth=480&impolicy=medium,6
12,https://ak1.ostkcdn.com/images/products/20545515/L26394628.jpg?imwidth=480&impolicy=medium,5
13,https://ak1.ostkcdn.com/images/products/16389835/L22740628.jpg?imwidth=480&impolicy=medium,13
14,https://ak1.ostkcdn.com/images/products/11483975/L18438291.jpg?imwidth=480&impolicy=medium,40
15,https://ak1.ostkcdn.com/images/products/22719007/L28317502.jpg?imwidth=480&impolicy=medium,4
16,https://ak1.ostkcdn.com/images/products/27983625/L33098700.jpg?imwidth=480&impolicy=medium,34
17,https://ak1.ostkcdn.com/images/products/13155679/L19882069.jpg?imwidth=480&impolicy=medium,4
0,https://ak1.ostkcdn.com/images/products/23143851/L28690058.jpg?imwidth=480&impolicy=medium,3
1,https://ak1.ostkcdn.com/images/products/22638892/L28247518.jpg?imwidth=480&impolicy=medium,4
2,https://ak1.ostkcdn.com/images/products/18072766/L24234314.jpg?imwidth=480&impolicy=medium,3
3,https://ak1.ostkcdn.com/images/products/24319202/L29750800.jpg?imwidth=480&impolicy=medium,4
4,https://ak1.ostkcdn.com/images/products/22544204/L28163364.jpg?imwidth=480&impolicy=medium,23
5,https://ak1.ostkcdn.com/images/products/12114874/L18975539.jpg?imwidth=480&impolicy=medium,511
6,https://ak1.ostkcdn.com/images/products/10736634/L17792916.jpg?imwidth=480&impolicy=medium,1
7,https://ak1.ostkcdn.com/images/products/28228676/L33315754.jpg?imwidth=480&impolicy=medium,5
8,https://ak1.ostkcdn.com/images/products/28363131/L33434978.jpg?imwidth=480&impolicy=medium,4
9,https://ak1.ostkcdn.com/images/products/28228686/L33315737.jpg?imwidth=480&impolicy=medium,9
10,https://ak1.ostkcdn.com/images/products/28228681/L33315758.jpg?imwidth=480&impolicy=medium,81
11,https://ak1.ostkcdn.com/images/products/28228663/L33315735.jpg?imwidth=480&impolicy=medium,16
12,https://ak1.ostkcdn.com/images/products/24103182/L29556108.jpg?imwidth=480&impolicy=medium,2
13,https://ak1.ostkcdn.com/images/products/23447841/L28964994.jpg?imwidth=480&impolicy=medium,22
14,https://ak1.ostkcdn.com/images/products/21256056/L27018205.jpg?imwidth=480&impolicy=medium,1
15,https://ak1.ostkcdn.com/images/products/20545593/L26394657.jpg?imwidth=480&impolicy=medium,31
16,https://ak1.ostkcdn.com/images/products/10701069/L17761810.jpg?imwidth=480&impolicy=medium,1
17,https://ak1.ostkcdn.com/images/products/12037200/L18908922.jpg?imwidth=480&impolicy=medium,15
18,https://ak1.ostkcdn.com/images/products/27703542/L32847726.jpg?imwidth=480&impolicy=medium,8
19,https://ak1.ostkcdn.com/images/products/9730764/L16905510.jpg?imwidth=480&impolicy=medium,1
20,https://ak1.ostkcdn.com/images/products/22425995/L28058165.jpg?imwidth=480&impolicy=medium,13
21,https://ak1.ostkcdn.com/images/products/11511993/L18462738.jpg?imwidth=480&impolicy=medium,2
22,https://ak1.ostkcdn.com/images/products/12035693/L18907652.jpg?imwidth=480&impolicy=medium,11
23,https://ak1.ostkcdn.com/images/products/27983639/L33098723.jpg?imwidth=480&impolicy=medium,67
24,https://ak1.ostkcdn.com/images/products/8264971/8264971/Michaela-White-Knitted-Euro-Sham-L15588391.jpg?imwidth=480&impolicy=medium,5
25,https://ak1.ostkcdn.com/images/products/27983633/L33098722.jpg?imwidth=480&impolicy=medium,1
26,https://ak1.ostkcdn.com/images/products/22719031/L28317660.jpg?imwidth=480&impolicy=medium,6
27,https://ak1.ostkcdn.com/images/products/10343456/L17452757.jpg?imwidth=480&impolicy=medium,1
28,https://ak1.ostkcdn.com/images/products/20577368/L26422773.jpg?imwidth=480&impolicy=medium,1
29,https://ak1.ostkcdn.com/images/products/8911086/Fluffy-Shag-22-inch-Sqaure-Down-Feathers-or-Poly-Filled-Decorative-Throw-Pillow-L16129273.jpg?imwidth=480&impolicy=medium,32
30,https://ak1.ostkcdn.com/images/products/18073064/L24234442.jpg?imwidth=480&impolicy=medium,23
31,https://ak1.ostkcdn.com/images/products/27983658/L33098732.jpg?imwidth=480&impolicy=medium,19
32,https://ak1.ostkcdn.com/images/products/27983663/L33098714.jpg?imwidth=480&impolicy=medium,16
33,https://ak1.ostkcdn.com/images/products/15456376/L21904643.jpg?imwidth=480&impolicy=medium,2
34,https://ak1.ostkcdn.com/images/products/9940177/L17095191.jpg?imwidth=480&impolicy=medium,20
35,https://ak1.ostkcdn.com/images/products/28069527/L33174553.jpg?imwidth=480&impolicy=medium,10
36,https://ak1.ostkcdn.com/images/products/28228503/L33315589.jpg?imwidth=480&impolicy=medium,3
37,https://ak1.ostkcdn.com/images/products/9033540/Ellery-Magenta-Solid-Down-Filled-Throw-Pillow-L16232768.jpg?imwidth=480&impolicy=medium,3
38,https://ak1.ostkcdn.com/images/products/10060553/L17205704.jpg?imwidth=480&impolicy=medium,7
39,https://ak1.ostkcdn.com/images/products/9937423/L17092715.jpg?imwidth=480&impolicy=medium,30
40,https://ak1.ostkcdn.com/images/products/14193516/L20789778.jpg?imwidth=480&impolicy=medium,130
41,https://ak1.ostkcdn.com/images/products/23589603/L29090429.jpg?imwidth=480&impolicy=medium,1
42,https://ak1.ostkcdn.com/images/products/25606985/L30918009.jpg?imwidth=480&impolicy=medium,1
43,https://ak1.ostkcdn.com/images/products/13090283/L19823580.jpg?imwidth=480&impolicy=medium,5
44,https://ak1.ostkcdn.com/images/products/8851659/Pink-Decorative-Throw-Pillow-L16080227.jpg?imwidth=480&impolicy=medium,9
45,https://ak1.ostkcdn.com/images/products/11484008/L18438349.jpg?imwidth=480&impolicy=medium,3
0,https://ak1.ostkcdn.com/images/products/12032247/L18904874.jpg?imwidth=480&impolicy=medium,3
1,https://ak1.ostkcdn.com/images/products/18113265/L24268657.jpg?imwidth=480&impolicy=medium,6
2,https://ak1.ostkcdn.com/images/products/7884067/7884067/Sterling-Chocolate-20-inch-Square-Pillow-L15266464.jpg?imwidth=480&impolicy=medium,8
3,https://ak1.ostkcdn.com/images/products/11414275/L18378040.jpg?imwidth=480&impolicy=medium,31
4,https://ak1.ostkcdn.com/images/products/24032569/L29492084.jpg?imwidth=480&impolicy=medium,1
5,https://ak1.ostkcdn.com/images/products/27741433/L32880956.jpg?imwidth=480&impolicy=medium,1
6,https://ak1.ostkcdn.com/images/products/18073197/L24234725.jpg?imwidth=480&impolicy=medium,1
7,https://ak1.ostkcdn.com/images/products/26951203/L32174550.jpg?imwidth=480&impolicy=medium,2
8,https://ak1.ostkcdn.com/images/products/14391066/L20962381.jpg?imwidth=480&impolicy=medium,9
9,https://ak1.ostkcdn.com/images/products/18778859/L24849119.jpg?imwidth=480&impolicy=medium,1
10,https://ak1.ostkcdn.com/images/products/26966576/L32188134.jpg?imwidth=480&impolicy=medium,7
11,https://ak1.ostkcdn.com/images/products/23051099/L28608590.jpg?imwidth=480&impolicy=medium,14
12,https://ak1.ostkcdn.com/images/products/23143602/L28689368.jpg?imwidth=480&impolicy=medium,22
13,https://ak1.ostkcdn.com/images/products/6315530/Fuzzy-Faux-Fur-18x18-Decorative-Pillow-L13942869.jpg?imwidth=480&impolicy=medium,2
14,https://ak1.ostkcdn.com/images/products/13218836/L19936908.jpg?imwidth=480&impolicy=medium,4
15,https://ak1.ostkcdn.com/images/products/18073207/L24234514.jpg?imwidth=480&impolicy=medium,3
16,https://ak1.ostkcdn.com/images/products/8893498/Nourison-Mina-Victory-Green-Woven-Luster-Throw-Pillow-L16114619.jpg?imwidth=480&impolicy=medium,1
17,https://ak1.ostkcdn.com/images/products/23572738/L29075509.jpg?imwidth=480&impolicy=medium,1
18,https://ak1.ostkcdn.com/images/products/27550518/L32711753.jpg?imwidth=480&impolicy=medium,2
19,https://ak1.ostkcdn.com/images/products/24147333/L29595802.jpg?imwidth=480&impolicy=medium,1
20,https://ak1.ostkcdn.com/images/products/11391280/L18358515.jpg?imwidth=480&impolicy=medium,3
21,https://ak1.ostkcdn.com/images/products/12777742/L19551181.jpg?imwidth=480&impolicy=medium,11
22,https://ak1.ostkcdn.com/images/products/19575602/L25560268.jpg?imwidth=480&impolicy=medium,35
23,https://ak1.ostkcdn.com/images/products/10634440/L17702996.jpg?imwidth=480&impolicy=medium,6
24,https://ak1.ostkcdn.com/images/products/12858781/L19621042.jpg?imwidth=480&impolicy=medium,364
25,https://ak1.ostkcdn.com/images/products/2387062/Diamond-Stretch-Throw-Pillows-Set-of-2-L10623882a.jpg?imwidth=480&impolicy=medium,6
26,https://ak1.ostkcdn.com/images/products/22610877/L28222575.jpg?imwidth=480&impolicy=medium,3
27,https://ak1.ostkcdn.com/images/products/22639094/L28247656.jpg?imwidth=480&impolicy=medium,5
28,https://ak1.ostkcdn.com/images/products/20651788/L26487940.jpg?imwidth=480&impolicy=medium,2
29,https://ak1.ostkcdn.com/images/products/18806579/L24873862.jpg?imwidth=480&impolicy=medium,2
30,https://ak1.ostkcdn.com/images/products/15910503/L22314321.jpg?imwidth=480&impolicy=medium,1
31,https://ak1.ostkcdn.com/images/products/22638906/L28247550.jpg?imwidth=480&impolicy=medium,7
32,https://ak1.ostkcdn.com/images/products/19838857/L25771125.jpg?imwidth=480&impolicy=medium,9
33,https://ak1.ostkcdn.com/images/products/20878663/L26686451.jpg?imwidth=480&impolicy=medium,2
34,https://ak1.ostkcdn.com/images/products/14340648/L20918189.jpg?imwidth=480&impolicy=medium,8
35,https://ak1.ostkcdn.com/images/products/14541693/L21093831.jpg?imwidth=480&impolicy=medium,32
36,https://ak1.ostkcdn.com/images/products/12648930/L19438202.jpg?imwidth=480&impolicy=medium,6
37,https://ak1.ostkcdn.com/images/products/8881154/Mina-Victory-Brown-20x20-Throw-Pillow-L16104791.jpg?imwidth=480&impolicy=medium,4
38,https://ak1.ostkcdn.com/images/products/15456341/L21904613.jpg?imwidth=480&impolicy=medium,13
39,https://ak1.ostkcdn.com/images/products/8473717/L15763727.jpg?imwidth=480&impolicy=medium,2
40,https://ak1.ostkcdn.com/images/products/22748475/L28342381.jpg?imwidth=480&impolicy=medium,2
41,https://ak1.ostkcdn.com/images/products/22426027/L28058174.jpg?imwidth=480&impolicy=medium,6
42,https://ak1.ostkcdn.com/images/products/18235203/L24374747.jpg?imwidth=480&impolicy=medium,1
43,https://ak1.ostkcdn.com/images/products/9546584/L16727587.jpg?imwidth=480&impolicy=medium,17
44,https://ak1.ostkcdn.com/images/products/5612516/73/567/Stephano-18-inch-Decorative-Pillows-Set-of-2-L13372938.jpg?imwidth=480&impolicy=medium,2
45,https://ak1.ostkcdn.com/images/products/20741711/L26565444.jpg?imwidth=480&impolicy=medium,13
46,https://ak1.ostkcdn.com/images/products/28384716/L33454033.jpg?imwidth=480&impolicy=medium,4
47,https://ak1.ostkcdn.com/images/products/28384710/L33454031.jpg?imwidth=480&impolicy=medium,1
48,https://ak1.ostkcdn.com/images/products/28384336/L33453719.jpg?imwidth=480&impolicy=medium,3
49,https://ak1.ostkcdn.com/images/products/28228700/L33315767.jpg?imwidth=480&impolicy=medium,3
50,https://ak1.ostkcdn.com/images/products/25580888/L30894812.jpg?imwidth=480&impolicy=medium,2
0,https://ak1.ostkcdn.com/images/products/28180123/L33272309.jpg?imwidth=480&impolicy=medium,5
1,https://ak1.ostkcdn.com/images/products/27983653/L33098711.jpg?imwidth=480&impolicy=medium,7
2,https://ak1.ostkcdn.com/images/products/12251109/L19092656.jpg?imwidth=480&impolicy=medium,19
3,https://ak1.ostkcdn.com/images/products/28180121/L33272307.jpg?imwidth=480&impolicy=medium,1
4,https://ak1.ostkcdn.com/images/products/12251326/L19092781.jpg?imwidth=480&impolicy=medium,16
5,https://ak1.ostkcdn.com/images/products/10708222/L17767555.jpg?imwidth=480&impolicy=medium,1
6,https://ak1.ostkcdn.com/images/products/22426036/L28058157.jpg?imwidth=480&impolicy=medium,5
7,https://ak1.ostkcdn.com/images/products/15960072/L22358287.jpg?imwidth=480&impolicy=medium,2
8,https://ak1.ostkcdn.com/images/products/27983661/L33098734.jpg?imwidth=480&impolicy=medium,1
9,https://ak1.ostkcdn.com/images/products/13134730/L19863623.jpg?imwidth=480&impolicy=medium,3
10,https://ak1.ostkcdn.com/images/products/16937163/L23226207.jpg?imwidth=480&impolicy=medium,10
11,https://ak1.ostkcdn.com/images/products/21709065/L27419512.jpg?imwidth=480&impolicy=medium,1
12,https://ak1.ostkcdn.com/images/products/20545507/L26394627.jpg?imwidth=480&impolicy=medium,2
13,https://ak1.ostkcdn.com/images/products/15648770/L22078441.jpg?imwidth=480&impolicy=medium,3
14,https://ak1.ostkcdn.com/images/products/23621719/L29118901.jpg?imwidth=480&impolicy=medium,2
15,https://ak1.ostkcdn.com/images/products/22728337/L28325325.jpg?imwidth=480&impolicy=medium,11
16,https://ak1.ostkcdn.com/images/products/28180172/L33272399.jpg?imwidth=480&impolicy=medium,5
17,https://ak1.ostkcdn.com/images/products/23055957/L28612717.jpg?imwidth=480&impolicy=medium,5
18,https://ak1.ostkcdn.com/images/products/19574736/L25559508.jpg?imwidth=480&impolicy=medium,1
19,https://ak1.ostkcdn.com/images/products/21754738/L27459962.jpg?imwidth=480&impolicy=medium,1
20,https://ak1.ostkcdn.com/images/products/23144137/L28690191.jpg?imwidth=480&impolicy=medium,3
21,https://ak1.ostkcdn.com/images/products/25435994/L30764505.jpg?imwidth=480&impolicy=medium,16
22,https://ak1.ostkcdn.com/images/products/25435978/L30764498.jpg?imwidth=480&impolicy=medium,4
23,https://ak1.ostkcdn.com/images/products/21754713/L27459933.jpg?imwidth=480&impolicy=medium,4
24,https://ak1.ostkcdn.com/images/products/18072768/L24234533.jpg?imwidth=480&impolicy=medium,10
25,https://ak1.ostkcdn.com/images/products/23056646/L28613307.jpg?imwidth=480&impolicy=medium,13
26,https://ak1.ostkcdn.com/images/products/26960144/L32182361.jpg?imwidth=480&impolicy=medium,4
27,https://ak1.ostkcdn.com/images/products/12173130/L19024629.jpg?imwidth=480&impolicy=medium,6
28,https://ak1.ostkcdn.com/images/products/25641868/L30949014.jpg?imwidth=480&impolicy=medium,4
29,https://ak1.ostkcdn.com/images/products/22290368/L27937921.jpg?imwidth=480&impolicy=medium,2
30,https://ak1.ostkcdn.com/images/products/24031347/L29490967.jpg?imwidth=480&impolicy=medium,57
31,https://ak1.ostkcdn.com/images/products/18072836/L24234340.jpg?imwidth=480&impolicy=medium,4
32,https://ak1.ostkcdn.com/images/products/18227512/L24367946.jpg?imwidth=480&impolicy=medium,1
33,https://ak1.ostkcdn.com/images/products/19574738/L25559511.jpg?imwidth=480&impolicy=medium,3
34,https://ak1.ostkcdn.com/images/products/20651778/L26487944.jpg?imwidth=480&impolicy=medium,9
35,https://ak1.ostkcdn.com/images/products/23507243/L29017693.jpg?imwidth=480&impolicy=medium,1
36,https://ak1.ostkcdn.com/images/products/22638919/L28247558.jpg?imwidth=480&impolicy=medium,8
37,https://ak1.ostkcdn.com/images/products/22611027/L28222703.jpg?imwidth=480&impolicy=medium,8
38,https://ak1.ostkcdn.com/images/products/24103868/L29556520.jpg?imwidth=480&impolicy=medium,3
39,https://ak1.ostkcdn.com/images/products/8604557/Sweet-Jojo-Designs-Hooty-Owl-Throw-Pillow-L15873611.jpg?imwidth=480&impolicy=medium,2
40,https://ak1.ostkcdn.com/images/products/22639084/L28247662.jpg?imwidth=480&impolicy=medium,4
41,https://ak1.ostkcdn.com/images/products/18806582/L24873863.jpg?imwidth=480&impolicy=medium,8
42,https://ak1.ostkcdn.com/images/products/22092548/L27761392.jpg?imwidth=480&impolicy=medium,1
43,https://ak1.ostkcdn.com/images/products/22638924/L28247533.jpg?imwidth=480&impolicy=medium,1
0,https://ak1.ostkcdn.com/images/products/11468675/L18425139.jpg?imwidth=480&impolicy=medium,28
1,https://ak1.ostkcdn.com/images/products/27983683/L33098737.jpg?imwidth=480&impolicy=medium,1
2,https://ak1.ostkcdn.com/images/products/15910651/L22314365.jpg?imwidth=480&impolicy=medium,10
3,https://ak1.ostkcdn.com/images/products/8881212/Mina-Victory-Silver-20-inch-Throw-Pillow-L16104835.jpg?imwidth=480&impolicy=medium,10
4,https://ak1.ostkcdn.com/images/products/27983634/L33098701.jpg?imwidth=480&impolicy=medium,1
5,https://ak1.ostkcdn.com/images/products/28170646/L33264070.jpg?imwidth=480&impolicy=medium,1
6,https://ak1.ostkcdn.com/images/products/15910850/L22314514.jpg?imwidth=480&impolicy=medium,2
7,https://ak1.ostkcdn.com/images/products/22425989/L28058163.jpg?imwidth=480&impolicy=medium,9
8,https://ak1.ostkcdn.com/images/products/9730786/L16905527.jpg?imwidth=480&impolicy=medium,6
9,https://ak1.ostkcdn.com/images/products/12036365/L18907938.jpg?imwidth=480&impolicy=medium,7
0,https://ak1.ostkcdn.com/images/products/8843416/L16073237.jpg?imwidth=480&impolicy=medium,40
1,https://ak1.ostkcdn.com/images/products/25606627/L30917685.jpg?imwidth=480&impolicy=medium,1
2,https://ak1.ostkcdn.com/images/products/23050321/L28607931.jpg?imwidth=480&impolicy=medium,3
3,https://ak1.ostkcdn.com/images/products/20749444/L26571858.jpg?imwidth=480&impolicy=medium,1
4,https://ak1.ostkcdn.com/images/products/19574728/L25559510.jpg?imwidth=480&impolicy=medium,7
5,https://ak1.ostkcdn.com/images/products/18073110/L24234470.jpg?imwidth=480&impolicy=medium,3
6,https://ak1.ostkcdn.com/images/products/19574742/L25559507.jpg?imwidth=480&impolicy=medium,1
7,https://ak1.ostkcdn.com/images/products/22019584/L27695776.jpg?imwidth=480&impolicy=medium,2
8,https://ak1.ostkcdn.com/images/products/23143572/L28689937.jpg?imwidth=480&impolicy=medium,1
9,https://ak1.ostkcdn.com/images/products/22639091/L28247651.jpg?imwidth=480&impolicy=medium,1
0,https://ak1.ostkcdn.com/images/products/15648575/L22078258.jpg?imwidth=480&impolicy=medium,1
1,https://ak1.ostkcdn.com/images/products/18100508/L24257812.jpg?imwidth=480&impolicy=medium,14
2,https://ak1.ostkcdn.com/images/products/7729626/L15130936.jpg?imwidth=480&impolicy=medium,34
3,https://ak1.ostkcdn.com/images/products/13090197/L19823622.jpg?imwidth=480&impolicy=medium,12
4,https://ak1.ostkcdn.com/images/products/23144400/L28690308.jpg?imwidth=480&impolicy=medium,1
5,https://ak1.ostkcdn.com/images/products/11663762/L18593321.jpg?imwidth=480&impolicy=medium,26
6,https://ak1.ostkcdn.com/images/products/22719021/L28317516.jpg?imwidth=480&impolicy=medium,10
7,https://ak1.ostkcdn.com/images/products/11483997/L18438342.jpg?imwidth=480&impolicy=medium,26
8,https://ak1.ostkcdn.com/images/products/13090514/L19823599.jpg?imwidth=480&impolicy=medium,6
9,https://ak1.ostkcdn.com/images/products/18072762/L24234531.jpg?imwidth=480&impolicy=medium,47
0,https://ak1.ostkcdn.com/images/products/10476037/L17565432.jpg?imwidth=480&impolicy=medium,2
1,https://ak1.ostkcdn.com/images/products/15909481/L22314247.jpg?imwidth=480&impolicy=medium,4
2,https://ak1.ostkcdn.com/images/products/11623493/L18558741.jpg?imwidth=480&impolicy=medium,14
3,https://ak1.ostkcdn.com/images/products/12035831/L18907779.jpg?imwidth=480&impolicy=medium,7
4,https://ak1.ostkcdn.com/images/products/18072757/L24234528.jpg?imwidth=480&impolicy=medium,3
5,https://ak1.ostkcdn.com/images/products/24033747/L29492886.jpg?imwidth=480&impolicy=medium,1
6,https://ak1.ostkcdn.com/images/products/23620842/L29117486.jpg?imwidth=480&impolicy=medium,1
7,https://ak1.ostkcdn.com/images/products/23144014/L28689562.jpg?imwidth=480&impolicy=medium,1
8,https://ak1.ostkcdn.com/images/products/25451539/L30778354.jpg?imwidth=480&impolicy=medium,4
9,https://ak1.ostkcdn.com/images/products/18075340/L24236599.jpg?imwidth=480&impolicy=medium,28
10,https://ak1.ostkcdn.com/images/products/is/images/direct/c446e777628e52fdce5cb9434b036b57b00418fd/Rustic-Boho-Decorative-Handmade-Children%27s-Solid-Throw-Pillow-Cover%2C-18x18.jpg?imwidth=480&impolicy=medium,16
11,https://ak1.ostkcdn.com/images/products/11067682/L18077535.jpg?imwidth=480&impolicy=medium,1
12,https://ak1.ostkcdn.com/images/products/15910730/L22314407.jpg?imwidth=480&impolicy=medium,10
13,https://ak1.ostkcdn.com/images/products/23144093/L28690169.jpg?imwidth=480&impolicy=medium,6
14,https://ak1.ostkcdn.com/images/products/13134777/L19863671.jpg?imwidth=480&impolicy=medium,473
15,https://ak1.ostkcdn.com/images/products/11206027/L18194794.jpg?imwidth=480&impolicy=medium,1
16,https://ak1.ostkcdn.com/images/products/26632673/L31886060.jpg?imwidth=480&impolicy=medium,5
17,https://ak1.ostkcdn.com/images/products/6425690/L14030811.jpg?imwidth=480&impolicy=medium,3
18,https://ak1.ostkcdn.com/images/products/25435988/L30764501.jpg?imwidth=480&impolicy=medium,8
19,https://ak1.ostkcdn.com/images/products/20301071/L26178835.jpg?imwidth=480&impolicy=medium,1
20,https://ak1.ostkcdn.com/images/products/26394886/L31673105.jpg?imwidth=480&impolicy=medium,4
21,https://ak1.ostkcdn.com/images/products/24147330/L29595798.jpg?imwidth=480&impolicy=medium,2
22,https://ak1.ostkcdn.com/images/products/20346956/L26219184.jpg?imwidth=480&impolicy=medium,1
23,https://ak1.ostkcdn.com/images/products/19574730/L25559512.jpg?imwidth=480&impolicy=medium,5
24,https://ak1.ostkcdn.com/images/products/19574740/L25559513.jpg?imwidth=480&impolicy=medium,2
25,https://ak1.ostkcdn.com/images/products/23143872/L28689490.jpg?imwidth=480&impolicy=medium,7
26,https://ak1.ostkcdn.com/images/products/23586047/L29087251.jpg?imwidth=480&impolicy=medium,1
27,https://ak1.ostkcdn.com/images/products/15960042/L22358292.jpg?imwidth=480&impolicy=medium,1
28,https://ak1.ostkcdn.com/images/products/19575610/L25560269.jpg?imwidth=480&impolicy=medium,11
29,https://ak1.ostkcdn.com/images/products/19575587/L25560254.jpg?imwidth=480&impolicy=medium,1
30,https://ak1.ostkcdn.com/images/products/19575583/L25560250.jpg?imwidth=480&impolicy=medium,1
31,https://ak1.ostkcdn.com/images/products/19575577/L25560252.jpg?imwidth=480&impolicy=medium,11
32,https://ak1.ostkcdn.com/images/products/19575608/L25560264.jpg?imwidth=480&impolicy=medium,3
33,https://ak1.ostkcdn.com/images/products/20749411/L26571831.jpg?imwidth=480&impolicy=medium,2
34,https://ak1.ostkcdn.com/images/products/26394895/L31673110.jpg?imwidth=480&impolicy=medium,4
35,https://ak1.ostkcdn.com/images/products/19575601/L25560262.jpg?imwidth=480&impolicy=medium,1
36,https://ak1.ostkcdn.com/images/products/22639080/L28247665.jpg?imwidth=480&impolicy=medium,1
37,https://ak1.ostkcdn.com/images/products/22639075/L28247640.jpg?imwidth=480&impolicy=medium,1
38,https://ak1.ostkcdn.com/images/products/22610914/L28222580.jpg?imwidth=480&impolicy=medium,6
39,https://ak1.ostkcdn.com/images/products/21235327/L27000250.jpg?imwidth=480&impolicy=medium,2
40,https://ak1.ostkcdn.com/images/products/22798092/L28386640.jpg?imwidth=480&impolicy=medium,1
41,https://ak1.ostkcdn.com/images/products/23144149/L28690190.jpg?imwidth=480&impolicy=medium,3
42,https://ak1.ostkcdn.com/images/products/22611003/L28222562.jpg?imwidth=480&impolicy=medium,2
43,https://ak1.ostkcdn.com/images/products/22639093/L28247652.jpg?imwidth=480&impolicy=medium,1
44,https://ak1.ostkcdn.com/images/products/22638908/L28247552.jpg?imwidth=480&impolicy=medium,2
45,https://ak1.ostkcdn.com/images/products/22638900/L28247549.jpg?imwidth=480&impolicy=medium,9
46,https://ak1.ostkcdn.com/images/products/22610903/L28222568.jpg?imwidth=480&impolicy=medium,11
0,https://ak1.ostkcdn.com/images/products/20585468/L26429925.jpg?imwidth=480&impolicy=medium,2
1,https://ak1.ostkcdn.com/images/products/28288287/L33368206.jpg?imwidth=480&impolicy=medium,12
2,https://ak1.ostkcdn.com/images/products/28274802/L33356204.jpg?imwidth=480&impolicy=medium,1
3,https://ak1.ostkcdn.com/images/products/28274799/L33356203.jpg?imwidth=480&impolicy=medium,2
4,https://ak1.ostkcdn.com/images/products/28274749/L33356161.jpg?imwidth=480&impolicy=medium,7
5,https://ak1.ostkcdn.com/images/products/26971097/L32192106.jpg?imwidth=480&impolicy=medium,1
6,https://ak1.ostkcdn.com/images/products/26971101/L32192117.jpg?imwidth=480&impolicy=medium,1
7,https://ak1.ostkcdn.com/images/products/26971099/L32192107.jpg?imwidth=480&impolicy=medium,6
8,https://ak1.ostkcdn.com/images/products/7942921/7942921/Avanti-White-Pillow-16-x-16-L15317321.jpg?imwidth=480&impolicy=medium,4
9,https://ak1.ostkcdn.com/images/products/7942911/7942911/Sterling-Sand-Pillow-16-x-16-L15317313.jpg?imwidth=480&impolicy=medium,6
0,https://ak1.ostkcdn.com/images/products/21030406/L26819197.jpg?imwidth=480&impolicy=medium,7
1,https://ak1.ostkcdn.com/images/products/12036863/L18908635.jpg?imwidth=480&impolicy=medium,17
2,https://ak1.ostkcdn.com/images/products/22718858/L28317416.jpg?imwidth=480&impolicy=medium,2
3,https://ak1.ostkcdn.com/images/products/10708197/L17767542.jpg?imwidth=480&impolicy=medium,18
4,https://ak1.ostkcdn.com/images/products/15637109/L22068148.jpg?imwidth=480&impolicy=medium,20
5,https://ak1.ostkcdn.com/images/products/9557931/L16739279.jpg?imwidth=480&impolicy=medium,8
6,https://ak1.ostkcdn.com/images/products/16107591/L22489721.jpg?imwidth=480&impolicy=medium,39
7,https://ak1.ostkcdn.com/images/products/9095991/Maarav-Solid-Turquoise-Feather-Filled-18-inch-Throw-Pillow-L16284411.jpg?imwidth=480&impolicy=medium,2
8,https://ak1.ostkcdn.com/images/products/10246424/L17365331.jpg?imwidth=480&impolicy=medium,12
9,https://ak1.ostkcdn.com/images/products/15637359/L22068489.jpg?imwidth=480&impolicy=medium,1
0,https://ak1.ostkcdn.com/images/products/23144150/L28689618.jpg?imwidth=480&impolicy=medium,2
1,https://ak1.ostkcdn.com/images/products/23144026/L28689563.jpg?imwidth=480&impolicy=medium,1
2,https://ak1.ostkcdn.com/images/products/25436007/L30764507.jpg?imwidth=480&impolicy=medium,6
3,https://ak1.ostkcdn.com/images/products/23055964/L28612725.jpg?imwidth=480&impolicy=medium,3
4,https://ak1.ostkcdn.com/images/products/12238002/L19081073.jpg?imwidth=480&impolicy=medium,2
5,https://ak1.ostkcdn.com/images/products/18778797/L24849068.jpg?imwidth=480&impolicy=medium,3
6,https://ak1.ostkcdn.com/images/products/23144129/L28689609.jpg?imwidth=480&impolicy=medium,1
7,https://ak1.ostkcdn.com/images/products/23144390/L28690302.jpg?imwidth=480&impolicy=medium,1
8,https://ak1.ostkcdn.com/images/products/23144387/L28690417.jpg?imwidth=480&impolicy=medium,5
9,https://ak1.ostkcdn.com/images/products/20340637/L26213436.jpg?imwidth=480&impolicy=medium,2
0,https://ak1.ostkcdn.com/images/products/22544274/L28163444.jpg?imwidth=480&impolicy=medium,2
1,https://ak1.ostkcdn.com/images/products/20993307/L26787375.jpg?imwidth=480&impolicy=medium,2
2,https://ak1.ostkcdn.com/images/products/28384315/L33453699.jpg?imwidth=480&impolicy=medium,6
3,https://ak1.ostkcdn.com/images/products/9033539/Ellery-Apple-Green-Solid-Down-Filled-Throw-Pillow-L16232767.jpg?imwidth=480&impolicy=medium,7
4,https://ak1.ostkcdn.com/images/products/19898145/L25822313.jpg?imwidth=480&impolicy=medium,3
5,https://ak1.ostkcdn.com/images/products/26394882/L31673103.jpg?imwidth=480&impolicy=medium,1
6,https://ak1.ostkcdn.com/images/products/10708137/L17767480.jpg?imwidth=480&impolicy=medium,1
7,https://ak1.ostkcdn.com/images/products/9090930/Karsen-Navy-Plain-18-inch-Throw-Pillow-L16280171.jpg?imwidth=480&impolicy=medium,5
8,https://ak1.ostkcdn.com/images/products/20565698/L26412400.jpg?imwidth=480&impolicy=medium,1
9,https://ak1.ostkcdn.com/images/products/22963682/L28531241.jpg?imwidth=480&impolicy=medium,3
0,https://ak1.ostkcdn.com/images/products/12669633/L19456310.jpg?imwidth=480&impolicy=medium,26
1,https://ak1.ostkcdn.com/images/products/23143849/L28690056.jpg?imwidth=480&impolicy=medium,2
2,https://ak1.ostkcdn.com/images/products/28274737/L33356154.jpg?imwidth=480&impolicy=medium,9
3,https://ak1.ostkcdn.com/images/products/21451612/L27191236.jpg?imwidth=480&impolicy=medium,2
4,https://ak1.ostkcdn.com/images/products/28416315/L33482232.jpg?imwidth=480&impolicy=medium,1
5,https://ak1.ostkcdn.com/images/products/28180122/L33272308.jpg?imwidth=480&impolicy=medium,7
6,https://ak1.ostkcdn.com/images/products/23143797/L28689459.jpg?imwidth=480&impolicy=medium,3
7,https://ak1.ostkcdn.com/images/products/23143040/L28689116.jpg?imwidth=480&impolicy=medium,2
8,https://ak1.ostkcdn.com/images/products/28274783/L33356211.jpg?imwidth=480&impolicy=medium,5
9,https://ak1.ostkcdn.com/images/products/9095965/Haloke-Solid-Turquoise-Feather-Filled-18-inch-Throw-Pillow-L16284387.jpg?imwidth=480&impolicy=medium,1
0,https://ak1.ostkcdn.com/images/products/26394887/L31673106.jpg?imwidth=480&impolicy=medium,1
1,https://ak1.ostkcdn.com/images/products/25435997/L30764544.jpg?imwidth=480&impolicy=medium,273
2,https://ak1.ostkcdn.com/images/products/11468725/L18425210.jpg?imwidth=480&impolicy=medium,1
3,https://ak1.ostkcdn.com/images/products/17007951/L23289266.jpg?imwidth=480&impolicy=medium,1
4,https://ak1.ostkcdn.com/images/products/21030475/L26819262.jpg?imwidth=480&impolicy=medium,3
5,https://ak1.ostkcdn.com/images/products/28274798/L33356213.jpg?imwidth=480&impolicy=medium,1
6,https://ak1.ostkcdn.com/images/products/28363013/L33434973.jpg?imwidth=480&impolicy=medium,12
7,https://ak1.ostkcdn.com/images/products/9090948/Thaliard-Brown-Plain-18-inch-Throw-Pillow-L16280187.jpg?imwidth=480&impolicy=medium,5
8,https://ak1.ostkcdn.com/images/products/8843319/Blue-Decorative-Throw-Pillow-L16073177.jpg?imwidth=480&impolicy=medium,1
9,https://ak1.ostkcdn.com/images/products/26394900/L31673113.jpg?imwidth=480&impolicy=medium,3
10,https://ak1.ostkcdn.com/images/products/24036176/L29495451.jpg?imwidth=480&impolicy=medium,1
11,https://ak1.ostkcdn.com/images/products/10856136/L17895573.jpg?imwidth=480&impolicy=medium,1
12,https://ak1.ostkcdn.com/images/products/15420359/L21876155.jpg?imwidth=480&impolicy=medium,2
13,https://ak1.ostkcdn.com/images/products/28274765/L33356165.jpg?imwidth=480&impolicy=medium,11
14,https://ak1.ostkcdn.com/images/products/15960081/L22358299.jpg?imwidth=480&impolicy=medium,10
15,https://ak1.ostkcdn.com/images/products/21030493/L26819179.jpg?imwidth=480&impolicy=medium,3
16,https://ak1.ostkcdn.com/images/products/22638893/L28247551.jpg?imwidth=480&impolicy=medium,14
17,https://ak1.ostkcdn.com/images/products/18073088/L24234455.jpg?imwidth=480&impolicy=medium,1
18,https://ak1.ostkcdn.com/images/products/23144147/L28690188.jpg?imwidth=480&impolicy=medium,4
19,https://ak1.ostkcdn.com/images/products/25436002/L30764548.jpg?imwidth=480&impolicy=medium,1
20,https://ak1.ostkcdn.com/images/products/23042668/L28600765.jpg?imwidth=480&impolicy=medium,14
21,https://ak1.ostkcdn.com/images/products/18072908/L24234598.jpg?imwidth=480&impolicy=medium,2
22,https://ak1.ostkcdn.com/images/products/28288295/L33368227.jpg?imwidth=480&impolicy=medium,3
23,https://ak1.ostkcdn.com/images/products/28384352/L33453735.jpg?imwidth=480&impolicy=medium,4
24,https://ak1.ostkcdn.com/images/products/28384738/L33454054.jpg?imwidth=480&impolicy=medium,3
25,https://ak1.ostkcdn.com/images/products/28384278/L33453669.jpg?imwidth=480&impolicy=medium,1
26,https://ak1.ostkcdn.com/images/products/7942887/7942887/Sterling-Sand-Square-Decorative-Pillow-L15317293.jpg?imwidth=480&impolicy=medium,3
27,https://ak1.ostkcdn.com/images/products/9556941/L16738415.jpg?imwidth=480&impolicy=medium,6
28,https://ak1.ostkcdn.com/images/products/22638915/L28247530.jpg?imwidth=480&impolicy=medium,3
0,https://ak1.ostkcdn.com/images/products/23144381/L28690421.jpg?imwidth=480&impolicy=medium,4
1,https://ak1.ostkcdn.com/images/products/23620845/L29117481.jpg?imwidth=480&impolicy=medium,18
2,https://ak1.ostkcdn.com/images/products/15265024/L21735179.jpg?imwidth=480&impolicy=medium,8
3,https://ak1.ostkcdn.com/images/products/11529023/L18476830.jpg?imwidth=480&impolicy=medium,2
4,https://ak1.ostkcdn.com/images/products/11673535/L18601527.jpg?imwidth=480&impolicy=medium,1
5,https://ak1.ostkcdn.com/images/products/28384736/L33454052.jpg?imwidth=480&impolicy=medium,3
6,https://ak1.ostkcdn.com/images/products/9032949/Ellery-Solid-Pink-Down-Filled-18-inch-Throw-Pillow-L16232252.jpg?imwidth=480&impolicy=medium,10
7,https://ak1.ostkcdn.com/images/products/23144382/L28690423.jpg?imwidth=480&impolicy=medium,1
8,https://ak1.ostkcdn.com/images/products/20255970/L26138813.jpg?imwidth=480&impolicy=medium,5
9,https://ak1.ostkcdn.com/images/products/13134806/L19863698.jpg?imwidth=480&impolicy=medium,2
0,https://ak1.ostkcdn.com/images/products/15266086/L21737317.jpg?imwidth=480&impolicy=medium,6
1,https://ak1.ostkcdn.com/images/products/15260028/L21732723.jpg?imwidth=480&impolicy=medium,2
2,https://ak1.ostkcdn.com/images/products/9032803/Ellery-Navy-Blue-Solid-Down-Filled-Throw-Pillow-L16232114.jpg?imwidth=480&impolicy=medium,3
3,https://ak1.ostkcdn.com/images/products/28362995/L33434815.jpg?imwidth=480&impolicy=medium,1
4,https://ak1.ostkcdn.com/images/products/15910484/L22314311.jpg?imwidth=480&impolicy=medium,1
5,https://ak1.ostkcdn.com/images/products/22638917/L28247532.jpg?imwidth=480&impolicy=medium,22
6,https://ak1.ostkcdn.com/images/products/11468668/L18425134.jpg?imwidth=480&impolicy=medium,2
7,https://ak1.ostkcdn.com/images/products/28363009/L33434969.jpg?imwidth=480&impolicy=medium,7
8,https://ak1.ostkcdn.com/images/products/8851653/Decorative-Throw-Pillow-L16080234.jpg?imwidth=480&impolicy=medium,1
9,https://ak1.ostkcdn.com/images/products/22718864/L28317424.jpg?imwidth=480&impolicy=medium,100
0,https://ak1.ostkcdn.com/images/products/15648810/L22078470.jpg?imwidth=480&impolicy=medium,1
1,https://ak1.ostkcdn.com/images/products/28362942/L33434817.jpg?imwidth=480&impolicy=medium,5
2,https://ak1.ostkcdn.com/images/products/28416359/L33482240.jpg?imwidth=480&impolicy=medium,1
3,https://ak1.ostkcdn.com/images/products/28416233/L33482186.jpg?imwidth=480&impolicy=medium,2
4,https://ak1.ostkcdn.com/images/products/28384317/L33453701.jpg?imwidth=480&impolicy=medium,11
5,https://ak1.ostkcdn.com/images/products/22718894/L28317616.jpg?imwidth=480&impolicy=medium,3
6,https://ak1.ostkcdn.com/images/products/9091324/Urania-Tan-Solid-18-inch-Down-Filled-Throw-Pillow-L16280464.jpg?imwidth=480&impolicy=medium,7
7,https://ak1.ostkcdn.com/images/products/24122868/L29573650.jpg?imwidth=480&impolicy=medium,1
8,https://ak1.ostkcdn.com/images/products/23053229/L28610451.jpg?imwidth=480&impolicy=medium,44
9,https://ak1.ostkcdn.com/images/products/23144398/L28690307.jpg?imwidth=480&impolicy=medium,29
10,https://ak1.ostkcdn.com/images/products/22718795/L28317384.jpg?imwidth=480&impolicy=medium,19
11,https://ak1.ostkcdn.com/images/products/23144024/L28690131.jpg?imwidth=480&impolicy=medium,3
